"county","precinct","office","district","party","candidate","votes"
"Monroe","East Rochester 1","State Assembly",135,,"Total votes",488
"Monroe","East Rochester 2","State Assembly",135,,"Total votes",402
"Monroe","East Rochester 3","State Assembly",135,,"Total votes",369
"Monroe","East Rochester 4","State Assembly",135,,"Total votes",369
"Monroe","East Rochester 5","State Assembly",135,,"Total votes",363
"Monroe","East Rochester 6","State Assembly",135,,"Total votes",435
"Monroe","East Rochester 7","State Assembly",135,,"Total votes",384
"Monroe","Penfield 1","State Assembly",135,,"Total votes",249
"Monroe","Penfield 2","State Assembly",135,,"Total votes",460
"Monroe","Penfield 3","State Assembly",135,,"Total votes",443
"Monroe","Penfield 4","State Assembly",135,,"Total votes",667
"Monroe","Penfield 5","State Assembly",135,,"Total votes",495
"Monroe","Penfield 6","State Assembly",135,,"Total votes",430
"Monroe","Penfield 7","State Assembly",135,,"Total votes",458
"Monroe","Penfield 8","State Assembly",135,,"Total votes",392
"Monroe","Penfield 9","State Assembly",135,,"Total votes",561
"Monroe","Penfield 10","State Assembly",135,,"Total votes",380
"Monroe","Penfield 11","State Assembly",135,,"Total votes",310
"Monroe","Penfield 12","State Assembly",135,,"Total votes",486
"Monroe","Penfield 13","State Assembly",135,,"Total votes",670
"Monroe","Penfield 14","State Assembly",135,,"Total votes",618
"Monroe","Penfield 15","State Assembly",135,,"Total votes",742
"Monroe","Penfield 16","State Assembly",135,,"Total votes",224
"Monroe","Penfield 17","State Assembly",135,,"Total votes",496
"Monroe","Penfield 18","State Assembly",135,,"Total votes",374
"Monroe","Penfield 19","State Assembly",135,,"Total votes",714
"Monroe","Penfield 20","State Assembly",135,,"Total votes",579
"Monroe","Penfield 21","State Assembly",135,,"Total votes",563
"Monroe","Penfield 22","State Assembly",135,,"Total votes",492
"Monroe","Penfield 23","State Assembly",135,,"Total votes",671
"Monroe","Penfield 24","State Assembly",135,,"Total votes",654
"Monroe","Penfield 25","State Assembly",135,,"Total votes",426
"Monroe","Penfield 26","State Assembly",135,,"Total votes",340
"Monroe","Penfield 27","State Assembly",135,,"Total votes",526
"Monroe","Penfield 28","State Assembly",135,,"Total votes",451
"Monroe","Penfield 29","State Assembly",135,,"Total votes",690
"Monroe","Penfield 30","State Assembly",135,,"Total votes",859
"Monroe","Penfield 31","State Assembly",135,,"Total votes",315
"Monroe","Penfield 32","State Assembly",135,,"Total votes",334
"Monroe","Penfield 33","State Assembly",135,,"Total votes",449
"Monroe","Penfield 34","State Assembly",135,,"Total votes",472
"Monroe","Penfield 35","State Assembly",135,,"Total votes",722
"Monroe","Penfield 36","State Assembly",135,,"Total votes",511
"Monroe","Penfield 37","State Assembly",135,,"Total votes",917
"Monroe","Penfield 38","State Assembly",135,,"Total votes",333
"Monroe","Penfield 39","State Assembly",135,,"Total votes",400
"Monroe","Penfield 40","State Assembly",135,,"Total votes",659
"Monroe","Penfield 41","State Assembly",135,,"Total votes",639
"Monroe","Penfield 42","State Assembly",135,,"Total votes",476
"Monroe","Perinton 1","State Assembly",135,,"Total votes",757
"Monroe","Perinton 2","State Assembly",135,,"Total votes",574
"Monroe","Perinton 3","State Assembly",135,,"Total votes",404
"Monroe","Perinton 4","State Assembly",135,,"Total votes",417
"Monroe","Perinton 5","State Assembly",135,,"Total votes",298
"Monroe","Perinton 6","State Assembly",135,,"Total votes",417
"Monroe","Perinton 7","State Assembly",135,,"Total votes",552
"Monroe","Perinton 8","State Assembly",135,,"Total votes",472
"Monroe","Perinton 9","State Assembly",135,,"Total votes",667
"Monroe","Perinton 10","State Assembly",135,,"Total votes",542
"Monroe","Perinton 11","State Assembly",135,,"Total votes",349
"Monroe","Perinton 12","State Assembly",135,,"Total votes",443
"Monroe","Perinton 13","State Assembly",135,,"Total votes",404
"Monroe","Perinton 14","State Assembly",135,,"Total votes",482
"Monroe","Perinton 15","State Assembly",135,,"Total votes",544
"Monroe","Perinton 16","State Assembly",135,,"Total votes",377
"Monroe","Perinton 17","State Assembly",135,,"Total votes",499
"Monroe","Perinton 18","State Assembly",135,,"Total votes",491
"Monroe","Perinton 19","State Assembly",135,,"Total votes",463
"Monroe","Perinton 20","State Assembly",135,,"Total votes",460
"Monroe","Perinton 21","State Assembly",135,,"Total votes",566
"Monroe","Perinton 22","State Assembly",135,,"Total votes",344
"Monroe","Perinton 23","State Assembly",135,,"Total votes",730
"Monroe","Perinton 24","State Assembly",135,,"Total votes",767
"Monroe","Perinton 25","State Assembly",135,,"Total votes",380
"Monroe","Perinton 26","State Assembly",135,,"Total votes",487
"Monroe","Perinton 27","State Assembly",135,,"Total votes",391
"Monroe","Perinton 28","State Assembly",135,,"Total votes",388
"Monroe","Perinton 29","State Assembly",135,,"Total votes",295
"Monroe","Perinton 30","State Assembly",135,,"Total votes",510
"Monroe","Perinton 31","State Assembly",135,,"Total votes",561
"Monroe","Perinton 32","State Assembly",135,,"Total votes",447
"Monroe","Perinton 33","State Assembly",135,,"Total votes",517
"Monroe","Perinton 34","State Assembly",135,,"Total votes",564
"Monroe","Perinton 35","State Assembly",135,,"Total votes",411
"Monroe","Perinton 36","State Assembly",135,,"Total votes",342
"Monroe","Perinton 37","State Assembly",135,,"Total votes",493
"Monroe","Perinton 38","State Assembly",135,,"Total votes",618
"Monroe","Perinton 39","State Assembly",135,,"Total votes",638
"Monroe","Perinton 40","State Assembly",135,,"Total votes",374
"Monroe","Perinton 41","State Assembly",135,,"Total votes",331
"Monroe","Perinton 42","State Assembly",135,,"Total votes",529
"Monroe","Perinton 43","State Assembly",135,,"Total votes",876
"Monroe","Perinton 44","State Assembly",135,,"Total votes",407
"Monroe","Perinton 45","State Assembly",135,,"Total votes",856
"Monroe","Perinton 46","State Assembly",135,,"Total votes",301
"Monroe","Perinton 47","State Assembly",135,,"Total votes",582
"Monroe","Perinton 48","State Assembly",135,,"Total votes",415
"Monroe","Perinton 49","State Assembly",135,,"Total votes",403
"Monroe","Perinton 50","State Assembly",135,,"Total votes",238
"Monroe","Perinton 51","State Assembly",135,,"Total votes",623
"Monroe","Perinton 52","State Assembly",135,,"Total votes",543
"Monroe","Perinton 53","State Assembly",135,,"Total votes",397
"Monroe","Perinton 54","State Assembly",135,,"Total votes",863
"Monroe","Perinton 55","State Assembly",135,,"Total votes",480
"Monroe","Perinton 56","State Assembly",135,,"Total votes",791
"Monroe","Webster 1","State Assembly",135,,"Total votes",477
"Monroe","Webster 2","State Assembly",135,,"Total votes",764
"Monroe","Webster 3","State Assembly",135,,"Total votes",607
"Monroe","Webster 4","State Assembly",135,,"Total votes",274
"Monroe","Webster 5","State Assembly",135,,"Total votes",496
"Monroe","Webster 6","State Assembly",135,,"Total votes",435
"Monroe","Webster 7","State Assembly",135,,"Total votes",555
"Monroe","Webster 8","State Assembly",135,,"Total votes",446
"Monroe","Webster 9","State Assembly",135,,"Total votes",504
"Monroe","Webster 10","State Assembly",135,,"Total votes",1061
"Monroe","Webster 11","State Assembly",135,,"Total votes",560
"Monroe","Webster 12","State Assembly",135,,"Total votes",625
"Monroe","Webster 13","State Assembly",135,,"Total votes",466
"Monroe","Webster 14","State Assembly",135,,"Total votes",443
"Monroe","Webster 15","State Assembly",135,,"Total votes",385
"Monroe","Webster 16","State Assembly",135,,"Total votes",687
"Monroe","Webster 17","State Assembly",135,,"Total votes",484
"Monroe","Webster 18","State Assembly",135,,"Total votes",371
"Monroe","Webster 19","State Assembly",135,,"Total votes",777
"Monroe","Webster 20","State Assembly",135,,"Total votes",703
"Monroe","Webster 21","State Assembly",135,,"Total votes",638
"Monroe","Webster 22","State Assembly",135,,"Total votes",545
"Monroe","Webster 23","State Assembly",135,,"Total votes",436
"Monroe","Webster 24","State Assembly",135,,"Total votes",1221
"Monroe","Webster 25","State Assembly",135,,"Total votes",261
"Monroe","Webster 26","State Assembly",135,,"Total votes",565
"Monroe","Webster 27","State Assembly",135,,"Total votes",645
"Monroe","Webster 28","State Assembly",135,,"Total votes",517
"Monroe","Webster 29","State Assembly",135,,"Total votes",349
"Monroe","Webster 30","State Assembly",135,,"Total votes",381
"Monroe","Webster 31","State Assembly",135,,"Total votes",612
"Monroe","Webster 32","State Assembly",135,,"Total votes",691
"Monroe","Webster 33","State Assembly",135,,"Total votes",517
"Monroe","Webster 34","State Assembly",135,,"Total votes",303
"Monroe","Webster 35","State Assembly",135,,"Total votes",368
"Monroe","Webster 36","State Assembly",135,,"Total votes",451
"Monroe","Webster 37","State Assembly",135,,"Total votes",876
"Monroe","Webster 38","State Assembly",135,,"Total votes",557
"Monroe","Webster 39","State Assembly",135,,"Total votes",474
"Monroe","Webster 40","State Assembly",135,,"Total votes",1122
"Monroe","Webster 41","State Assembly",135,,"Total votes",693
"Monroe","Webster 42","State Assembly",135,,"Total votes",556
"Monroe","Webster 43","State Assembly",135,,"Total votes",443
"Monroe","East Rochester 1","State Assembly",135,"DEM","Dorothy A. Styk",193
"Monroe","East Rochester 2","State Assembly",135,"DEM","Dorothy A. Styk",158
"Monroe","East Rochester 3","State Assembly",135,"DEM","Dorothy A. Styk",132
"Monroe","East Rochester 4","State Assembly",135,"DEM","Dorothy A. Styk",127
"Monroe","East Rochester 5","State Assembly",135,"DEM","Dorothy A. Styk",144
"Monroe","East Rochester 6","State Assembly",135,"DEM","Dorothy A. Styk",167
"Monroe","East Rochester 7","State Assembly",135,"DEM","Dorothy A. Styk",146
"Monroe","Penfield 1","State Assembly",135,"DEM","Dorothy A. Styk",100
"Monroe","Penfield 2","State Assembly",135,"DEM","Dorothy A. Styk",179
"Monroe","Penfield 3","State Assembly",135,"DEM","Dorothy A. Styk",135
"Monroe","Penfield 4","State Assembly",135,"DEM","Dorothy A. Styk",158
"Monroe","Penfield 5","State Assembly",135,"DEM","Dorothy A. Styk",185
"Monroe","Penfield 6","State Assembly",135,"DEM","Dorothy A. Styk",116
"Monroe","Penfield 7","State Assembly",135,"DEM","Dorothy A. Styk",172
"Monroe","Penfield 8","State Assembly",135,"DEM","Dorothy A. Styk",123
"Monroe","Penfield 9","State Assembly",135,"DEM","Dorothy A. Styk",276
"Monroe","Penfield 10","State Assembly",135,"DEM","Dorothy A. Styk",138
"Monroe","Penfield 11","State Assembly",135,"DEM","Dorothy A. Styk",122
"Monroe","Penfield 12","State Assembly",135,"DEM","Dorothy A. Styk",198
"Monroe","Penfield 13","State Assembly",135,"DEM","Dorothy A. Styk",236
"Monroe","Penfield 14","State Assembly",135,"DEM","Dorothy A. Styk",147
"Monroe","Penfield 15","State Assembly",135,"DEM","Dorothy A. Styk",283
"Monroe","Penfield 16","State Assembly",135,"DEM","Dorothy A. Styk",90
"Monroe","Penfield 17","State Assembly",135,"DEM","Dorothy A. Styk",164
"Monroe","Penfield 18","State Assembly",135,"DEM","Dorothy A. Styk",137
"Monroe","Penfield 19","State Assembly",135,"DEM","Dorothy A. Styk",285
"Monroe","Penfield 20","State Assembly",135,"DEM","Dorothy A. Styk",206
"Monroe","Penfield 21","State Assembly",135,"DEM","Dorothy A. Styk",227
"Monroe","Penfield 22","State Assembly",135,"DEM","Dorothy A. Styk",210
"Monroe","Penfield 23","State Assembly",135,"DEM","Dorothy A. Styk",243
"Monroe","Penfield 24","State Assembly",135,"DEM","Dorothy A. Styk",213
"Monroe","Penfield 25","State Assembly",135,"DEM","Dorothy A. Styk",116
"Monroe","Penfield 26","State Assembly",135,"DEM","Dorothy A. Styk",102
"Monroe","Penfield 27","State Assembly",135,"DEM","Dorothy A. Styk",193
"Monroe","Penfield 28","State Assembly",135,"DEM","Dorothy A. Styk",165
"Monroe","Penfield 29","State Assembly",135,"DEM","Dorothy A. Styk",299
"Monroe","Penfield 30","State Assembly",135,"DEM","Dorothy A. Styk",283
"Monroe","Penfield 31","State Assembly",135,"DEM","Dorothy A. Styk",127
"Monroe","Penfield 32","State Assembly",135,"DEM","Dorothy A. Styk",147
"Monroe","Penfield 33","State Assembly",135,"DEM","Dorothy A. Styk",154
"Monroe","Penfield 34","State Assembly",135,"DEM","Dorothy A. Styk",155
"Monroe","Penfield 35","State Assembly",135,"DEM","Dorothy A. Styk",258
"Monroe","Penfield 36","State Assembly",135,"DEM","Dorothy A. Styk",191
"Monroe","Penfield 37","State Assembly",135,"DEM","Dorothy A. Styk",279
"Monroe","Penfield 38","State Assembly",135,"DEM","Dorothy A. Styk",103
"Monroe","Penfield 39","State Assembly",135,"DEM","Dorothy A. Styk",127
"Monroe","Penfield 40","State Assembly",135,"DEM","Dorothy A. Styk",224
"Monroe","Penfield 41","State Assembly",135,"DEM","Dorothy A. Styk",173
"Monroe","Penfield 42","State Assembly",135,"DEM","Dorothy A. Styk",131
"Monroe","Perinton 1","State Assembly",135,"DEM","Dorothy A. Styk",289
"Monroe","Perinton 2","State Assembly",135,"DEM","Dorothy A. Styk",252
"Monroe","Perinton 3","State Assembly",135,"DEM","Dorothy A. Styk",148
"Monroe","Perinton 4","State Assembly",135,"DEM","Dorothy A. Styk",162
"Monroe","Perinton 5","State Assembly",135,"DEM","Dorothy A. Styk",113
"Monroe","Perinton 6","State Assembly",135,"DEM","Dorothy A. Styk",183
"Monroe","Perinton 7","State Assembly",135,"DEM","Dorothy A. Styk",233
"Monroe","Perinton 8","State Assembly",135,"DEM","Dorothy A. Styk",191
"Monroe","Perinton 9","State Assembly",135,"DEM","Dorothy A. Styk",203
"Monroe","Perinton 10","State Assembly",135,"DEM","Dorothy A. Styk",229
"Monroe","Perinton 11","State Assembly",135,"DEM","Dorothy A. Styk",147
"Monroe","Perinton 12","State Assembly",135,"DEM","Dorothy A. Styk",189
"Monroe","Perinton 13","State Assembly",135,"DEM","Dorothy A. Styk",132
"Monroe","Perinton 14","State Assembly",135,"DEM","Dorothy A. Styk",171
"Monroe","Perinton 15","State Assembly",135,"DEM","Dorothy A. Styk",182
"Monroe","Perinton 16","State Assembly",135,"DEM","Dorothy A. Styk",151
"Monroe","Perinton 17","State Assembly",135,"DEM","Dorothy A. Styk",217
"Monroe","Perinton 18","State Assembly",135,"DEM","Dorothy A. Styk",191
"Monroe","Perinton 19","State Assembly",135,"DEM","Dorothy A. Styk",150
"Monroe","Perinton 20","State Assembly",135,"DEM","Dorothy A. Styk",186
"Monroe","Perinton 21","State Assembly",135,"DEM","Dorothy A. Styk",232
"Monroe","Perinton 22","State Assembly",135,"DEM","Dorothy A. Styk",117
"Monroe","Perinton 23","State Assembly",135,"DEM","Dorothy A. Styk",283
"Monroe","Perinton 24","State Assembly",135,"DEM","Dorothy A. Styk",270
"Monroe","Perinton 25","State Assembly",135,"DEM","Dorothy A. Styk",188
"Monroe","Perinton 26","State Assembly",135,"DEM","Dorothy A. Styk",180
"Monroe","Perinton 27","State Assembly",135,"DEM","Dorothy A. Styk",137
"Monroe","Perinton 28","State Assembly",135,"DEM","Dorothy A. Styk",148
"Monroe","Perinton 29","State Assembly",135,"DEM","Dorothy A. Styk",131
"Monroe","Perinton 30","State Assembly",135,"DEM","Dorothy A. Styk",178
"Monroe","Perinton 31","State Assembly",135,"DEM","Dorothy A. Styk",193
"Monroe","Perinton 32","State Assembly",135,"DEM","Dorothy A. Styk",183
"Monroe","Perinton 33","State Assembly",135,"DEM","Dorothy A. Styk",246
"Monroe","Perinton 34","State Assembly",135,"DEM","Dorothy A. Styk",188
"Monroe","Perinton 35","State Assembly",135,"DEM","Dorothy A. Styk",158
"Monroe","Perinton 36","State Assembly",135,"DEM","Dorothy A. Styk",163
"Monroe","Perinton 37","State Assembly",135,"DEM","Dorothy A. Styk",200
"Monroe","Perinton 38","State Assembly",135,"DEM","Dorothy A. Styk",231
"Monroe","Perinton 39","State Assembly",135,"DEM","Dorothy A. Styk",215
"Monroe","Perinton 40","State Assembly",135,"DEM","Dorothy A. Styk",132
"Monroe","Perinton 41","State Assembly",135,"DEM","Dorothy A. Styk",129
"Monroe","Perinton 42","State Assembly",135,"DEM","Dorothy A. Styk",226
"Monroe","Perinton 43","State Assembly",135,"DEM","Dorothy A. Styk",309
"Monroe","Perinton 44","State Assembly",135,"DEM","Dorothy A. Styk",167
"Monroe","Perinton 45","State Assembly",135,"DEM","Dorothy A. Styk",302
"Monroe","Perinton 46","State Assembly",135,"DEM","Dorothy A. Styk",122
"Monroe","Perinton 47","State Assembly",135,"DEM","Dorothy A. Styk",196
"Monroe","Perinton 48","State Assembly",135,"DEM","Dorothy A. Styk",157
"Monroe","Perinton 49","State Assembly",135,"DEM","Dorothy A. Styk",146
"Monroe","Perinton 50","State Assembly",135,"DEM","Dorothy A. Styk",144
"Monroe","Perinton 51","State Assembly",135,"DEM","Dorothy A. Styk",177
"Monroe","Perinton 52","State Assembly",135,"DEM","Dorothy A. Styk",209
"Monroe","Perinton 53","State Assembly",135,"DEM","Dorothy A. Styk",186
"Monroe","Perinton 54","State Assembly",135,"DEM","Dorothy A. Styk",343
"Monroe","Perinton 55","State Assembly",135,"DEM","Dorothy A. Styk",170
"Monroe","Perinton 56","State Assembly",135,"DEM","Dorothy A. Styk",254
"Monroe","Webster 1","State Assembly",135,"DEM","Dorothy A. Styk",141
"Monroe","Webster 2","State Assembly",135,"DEM","Dorothy A. Styk",320
"Monroe","Webster 3","State Assembly",135,"DEM","Dorothy A. Styk",198
"Monroe","Webster 4","State Assembly",135,"DEM","Dorothy A. Styk",79
"Monroe","Webster 5","State Assembly",135,"DEM","Dorothy A. Styk",151
"Monroe","Webster 6","State Assembly",135,"DEM","Dorothy A. Styk",150
"Monroe","Webster 7","State Assembly",135,"DEM","Dorothy A. Styk",170
"Monroe","Webster 8","State Assembly",135,"DEM","Dorothy A. Styk",120
"Monroe","Webster 9","State Assembly",135,"DEM","Dorothy A. Styk",125
"Monroe","Webster 10","State Assembly",135,"DEM","Dorothy A. Styk",384
"Monroe","Webster 11","State Assembly",135,"DEM","Dorothy A. Styk",155
"Monroe","Webster 12","State Assembly",135,"DEM","Dorothy A. Styk",171
"Monroe","Webster 13","State Assembly",135,"DEM","Dorothy A. Styk",137
"Monroe","Webster 14","State Assembly",135,"DEM","Dorothy A. Styk",146
"Monroe","Webster 15","State Assembly",135,"DEM","Dorothy A. Styk",124
"Monroe","Webster 16","State Assembly",135,"DEM","Dorothy A. Styk",235
"Monroe","Webster 17","State Assembly",135,"DEM","Dorothy A. Styk",128
"Monroe","Webster 18","State Assembly",135,"DEM","Dorothy A. Styk",126
"Monroe","Webster 19","State Assembly",135,"DEM","Dorothy A. Styk",220
"Monroe","Webster 20","State Assembly",135,"DEM","Dorothy A. Styk",189
"Monroe","Webster 21","State Assembly",135,"DEM","Dorothy A. Styk",174
"Monroe","Webster 22","State Assembly",135,"DEM","Dorothy A. Styk",152
"Monroe","Webster 23","State Assembly",135,"DEM","Dorothy A. Styk",127
"Monroe","Webster 24","State Assembly",135,"DEM","Dorothy A. Styk",440
"Monroe","Webster 25","State Assembly",135,"DEM","Dorothy A. Styk",70
"Monroe","Webster 26","State Assembly",135,"DEM","Dorothy A. Styk",177
"Monroe","Webster 27","State Assembly",135,"DEM","Dorothy A. Styk",211
"Monroe","Webster 28","State Assembly",135,"DEM","Dorothy A. Styk",163
"Monroe","Webster 29","State Assembly",135,"DEM","Dorothy A. Styk",121
"Monroe","Webster 30","State Assembly",135,"DEM","Dorothy A. Styk",167
"Monroe","Webster 31","State Assembly",135,"DEM","Dorothy A. Styk",175
"Monroe","Webster 32","State Assembly",135,"DEM","Dorothy A. Styk",172
"Monroe","Webster 33","State Assembly",135,"DEM","Dorothy A. Styk",174
"Monroe","Webster 34","State Assembly",135,"DEM","Dorothy A. Styk",96
"Monroe","Webster 35","State Assembly",135,"DEM","Dorothy A. Styk",119
"Monroe","Webster 36","State Assembly",135,"DEM","Dorothy A. Styk",143
"Monroe","Webster 37","State Assembly",135,"DEM","Dorothy A. Styk",320
"Monroe","Webster 38","State Assembly",135,"DEM","Dorothy A. Styk",215
"Monroe","Webster 39","State Assembly",135,"DEM","Dorothy A. Styk",171
"Monroe","Webster 40","State Assembly",135,"DEM","Dorothy A. Styk",425
"Monroe","Webster 41","State Assembly",135,"DEM","Dorothy A. Styk",196
"Monroe","Webster 42","State Assembly",135,"DEM","Dorothy A. Styk",170
"Monroe","Webster 43","State Assembly",135,"DEM","Dorothy A. Styk",144
"Monroe","East Rochester 1","State Assembly",135,"REP","Mark C. Johns",187
"Monroe","East Rochester 2","State Assembly",135,"REP","Mark C. Johns",145
"Monroe","East Rochester 3","State Assembly",135,"REP","Mark C. Johns",146
"Monroe","East Rochester 4","State Assembly",135,"REP","Mark C. Johns",152
"Monroe","East Rochester 5","State Assembly",135,"REP","Mark C. Johns",122
"Monroe","East Rochester 6","State Assembly",135,"REP","Mark C. Johns",169
"Monroe","East Rochester 7","State Assembly",135,"REP","Mark C. Johns",141
"Monroe","Penfield 1","State Assembly",135,"REP","Mark C. Johns",92
"Monroe","Penfield 2","State Assembly",135,"REP","Mark C. Johns",189
"Monroe","Penfield 3","State Assembly",135,"REP","Mark C. Johns",208
"Monroe","Penfield 4","State Assembly",135,"REP","Mark C. Johns",331
"Monroe","Penfield 5","State Assembly",135,"REP","Mark C. Johns",201
"Monroe","Penfield 6","State Assembly",135,"REP","Mark C. Johns",237
"Monroe","Penfield 7","State Assembly",135,"REP","Mark C. Johns",183
"Monroe","Penfield 8","State Assembly",135,"REP","Mark C. Johns",174
"Monroe","Penfield 9","State Assembly",135,"REP","Mark C. Johns",182
"Monroe","Penfield 10","State Assembly",135,"REP","Mark C. Johns",162
"Monroe","Penfield 11","State Assembly",135,"REP","Mark C. Johns",131
"Monroe","Penfield 12","State Assembly",135,"REP","Mark C. Johns",197
"Monroe","Penfield 13","State Assembly",135,"REP","Mark C. Johns",293
"Monroe","Penfield 14","State Assembly",135,"REP","Mark C. Johns",317
"Monroe","Penfield 15","State Assembly",135,"REP","Mark C. Johns",317
"Monroe","Penfield 16","State Assembly",135,"REP","Mark C. Johns",93
"Monroe","Penfield 17","State Assembly",135,"REP","Mark C. Johns",222
"Monroe","Penfield 18","State Assembly",135,"REP","Mark C. Johns",170
"Monroe","Penfield 19","State Assembly",135,"REP","Mark C. Johns",295
"Monroe","Penfield 20","State Assembly",135,"REP","Mark C. Johns",263
"Monroe","Penfield 21","State Assembly",135,"REP","Mark C. Johns",210
"Monroe","Penfield 22","State Assembly",135,"REP","Mark C. Johns",185
"Monroe","Penfield 23","State Assembly",135,"REP","Mark C. Johns",287
"Monroe","Penfield 24","State Assembly",135,"REP","Mark C. Johns",302
"Monroe","Penfield 25","State Assembly",135,"REP","Mark C. Johns",217
"Monroe","Penfield 26","State Assembly",135,"REP","Mark C. Johns",157
"Monroe","Penfield 27","State Assembly",135,"REP","Mark C. Johns",220
"Monroe","Penfield 28","State Assembly",135,"REP","Mark C. Johns",168
"Monroe","Penfield 29","State Assembly",135,"REP","Mark C. Johns",254
"Monroe","Penfield 30","State Assembly",135,"REP","Mark C. Johns",431
"Monroe","Penfield 31","State Assembly",135,"REP","Mark C. Johns",128
"Monroe","Penfield 32","State Assembly",135,"REP","Mark C. Johns",137
"Monroe","Penfield 33","State Assembly",135,"REP","Mark C. Johns",181
"Monroe","Penfield 34","State Assembly",135,"REP","Mark C. Johns",212
"Monroe","Penfield 35","State Assembly",135,"REP","Mark C. Johns",305
"Monroe","Penfield 36","State Assembly",135,"REP","Mark C. Johns",223
"Monroe","Penfield 37","State Assembly",135,"REP","Mark C. Johns",467
"Monroe","Penfield 38","State Assembly",135,"REP","Mark C. Johns",170
"Monroe","Penfield 39","State Assembly",135,"REP","Mark C. Johns",178
"Monroe","Penfield 40","State Assembly",135,"REP","Mark C. Johns",330
"Monroe","Penfield 41","State Assembly",135,"REP","Mark C. Johns",351
"Monroe","Penfield 42","State Assembly",135,"REP","Mark C. Johns",240
"Monroe","Perinton 1","State Assembly",135,"REP","Mark C. Johns",325
"Monroe","Perinton 2","State Assembly",135,"REP","Mark C. Johns",219
"Monroe","Perinton 3","State Assembly",135,"REP","Mark C. Johns",167
"Monroe","Perinton 4","State Assembly",135,"REP","Mark C. Johns",163
"Monroe","Perinton 5","State Assembly",135,"REP","Mark C. Johns",122
"Monroe","Perinton 6","State Assembly",135,"REP","Mark C. Johns",163
"Monroe","Perinton 7","State Assembly",135,"REP","Mark C. Johns",218
"Monroe","Perinton 8","State Assembly",135,"REP","Mark C. Johns",197
"Monroe","Perinton 9","State Assembly",135,"REP","Mark C. Johns",334
"Monroe","Perinton 10","State Assembly",135,"REP","Mark C. Johns",205
"Monroe","Perinton 11","State Assembly",135,"REP","Mark C. Johns",123
"Monroe","Perinton 12","State Assembly",135,"REP","Mark C. Johns",185
"Monroe","Perinton 13","State Assembly",135,"REP","Mark C. Johns",216
"Monroe","Perinton 14","State Assembly",135,"REP","Mark C. Johns",202
"Monroe","Perinton 15","State Assembly",135,"REP","Mark C. Johns",240
"Monroe","Perinton 16","State Assembly",135,"REP","Mark C. Johns",161
"Monroe","Perinton 17","State Assembly",135,"REP","Mark C. Johns",201
"Monroe","Perinton 18","State Assembly",135,"REP","Mark C. Johns",190
"Monroe","Perinton 19","State Assembly",135,"REP","Mark C. Johns",218
"Monroe","Perinton 20","State Assembly",135,"REP","Mark C. Johns",191
"Monroe","Perinton 21","State Assembly",135,"REP","Mark C. Johns",230
"Monroe","Perinton 22","State Assembly",135,"REP","Mark C. Johns",153
"Monroe","Perinton 23","State Assembly",135,"REP","Mark C. Johns",310
"Monroe","Perinton 24","State Assembly",135,"REP","Mark C. Johns",373
"Monroe","Perinton 25","State Assembly",135,"REP","Mark C. Johns",122
"Monroe","Perinton 26","State Assembly",135,"REP","Mark C. Johns",219
"Monroe","Perinton 27","State Assembly",135,"REP","Mark C. Johns",194
"Monroe","Perinton 28","State Assembly",135,"REP","Mark C. Johns",179
"Monroe","Perinton 29","State Assembly",135,"REP","Mark C. Johns",111
"Monroe","Perinton 30","State Assembly",135,"REP","Mark C. Johns",218
"Monroe","Perinton 31","State Assembly",135,"REP","Mark C. Johns",246
"Monroe","Perinton 32","State Assembly",135,"REP","Mark C. Johns",173
"Monroe","Perinton 33","State Assembly",135,"REP","Mark C. Johns",202
"Monroe","Perinton 34","State Assembly",135,"REP","Mark C. Johns",274
"Monroe","Perinton 35","State Assembly",135,"REP","Mark C. Johns",174
"Monroe","Perinton 36","State Assembly",135,"REP","Mark C. Johns",122
"Monroe","Perinton 37","State Assembly",135,"REP","Mark C. Johns",191
"Monroe","Perinton 38","State Assembly",135,"REP","Mark C. Johns",256
"Monroe","Perinton 39","State Assembly",135,"REP","Mark C. Johns",306
"Monroe","Perinton 40","State Assembly",135,"REP","Mark C. Johns",159
"Monroe","Perinton 41","State Assembly",135,"REP","Mark C. Johns",128
"Monroe","Perinton 42","State Assembly",135,"REP","Mark C. Johns",180
"Monroe","Perinton 43","State Assembly",135,"REP","Mark C. Johns",403
"Monroe","Perinton 44","State Assembly",135,"REP","Mark C. Johns",166
"Monroe","Perinton 45","State Assembly",135,"REP","Mark C. Johns",401
"Monroe","Perinton 46","State Assembly",135,"REP","Mark C. Johns",117
"Monroe","Perinton 47","State Assembly",135,"REP","Mark C. Johns",260
"Monroe","Perinton 48","State Assembly",135,"REP","Mark C. Johns",179
"Monroe","Perinton 49","State Assembly",135,"REP","Mark C. Johns",187
"Monroe","Perinton 50","State Assembly",135,"REP","Mark C. Johns",45
"Monroe","Perinton 51","State Assembly",135,"REP","Mark C. Johns",338
"Monroe","Perinton 52","State Assembly",135,"REP","Mark C. Johns",241
"Monroe","Perinton 53","State Assembly",135,"REP","Mark C. Johns",145
"Monroe","Perinton 54","State Assembly",135,"REP","Mark C. Johns",399
"Monroe","Perinton 55","State Assembly",135,"REP","Mark C. Johns",242
"Monroe","Perinton 56","State Assembly",135,"REP","Mark C. Johns",409
"Monroe","Webster 1","State Assembly",135,"REP","Mark C. Johns",247
"Monroe","Webster 2","State Assembly",135,"REP","Mark C. Johns",301
"Monroe","Webster 3","State Assembly",135,"REP","Mark C. Johns",286
"Monroe","Webster 4","State Assembly",135,"REP","Mark C. Johns",135
"Monroe","Webster 5","State Assembly",135,"REP","Mark C. Johns",232
"Monroe","Webster 6","State Assembly",135,"REP","Mark C. Johns",212
"Monroe","Webster 7","State Assembly",135,"REP","Mark C. Johns",268
"Monroe","Webster 8","State Assembly",135,"REP","Mark C. Johns",229
"Monroe","Webster 9","State Assembly",135,"REP","Mark C. Johns",272
"Monroe","Webster 10","State Assembly",135,"REP","Mark C. Johns",481
"Monroe","Webster 11","State Assembly",135,"REP","Mark C. Johns",288
"Monroe","Webster 12","State Assembly",135,"REP","Mark C. Johns",334
"Monroe","Webster 13","State Assembly",135,"REP","Mark C. Johns",226
"Monroe","Webster 14","State Assembly",135,"REP","Mark C. Johns",218
"Monroe","Webster 15","State Assembly",135,"REP","Mark C. Johns",173
"Monroe","Webster 16","State Assembly",135,"REP","Mark C. Johns",320
"Monroe","Webster 17","State Assembly",135,"REP","Mark C. Johns",266
"Monroe","Webster 18","State Assembly",135,"REP","Mark C. Johns",173
"Monroe","Webster 19","State Assembly",135,"REP","Mark C. Johns",393
"Monroe","Webster 20","State Assembly",135,"REP","Mark C. Johns",363
"Monroe","Webster 21","State Assembly",135,"REP","Mark C. Johns",349
"Monroe","Webster 22","State Assembly",135,"REP","Mark C. Johns",250
"Monroe","Webster 23","State Assembly",135,"REP","Mark C. Johns",226
"Monroe","Webster 24","State Assembly",135,"REP","Mark C. Johns",535
"Monroe","Webster 25","State Assembly",135,"REP","Mark C. Johns",140
"Monroe","Webster 26","State Assembly",135,"REP","Mark C. Johns",263
"Monroe","Webster 27","State Assembly",135,"REP","Mark C. Johns",322
"Monroe","Webster 28","State Assembly",135,"REP","Mark C. Johns",245
"Monroe","Webster 29","State Assembly",135,"REP","Mark C. Johns",162
"Monroe","Webster 30","State Assembly",135,"REP","Mark C. Johns",120
"Monroe","Webster 31","State Assembly",135,"REP","Mark C. Johns",302
"Monroe","Webster 32","State Assembly",135,"REP","Mark C. Johns",378
"Monroe","Webster 33","State Assembly",135,"REP","Mark C. Johns",232
"Monroe","Webster 34","State Assembly",135,"REP","Mark C. Johns",148
"Monroe","Webster 35","State Assembly",135,"REP","Mark C. Johns",162
"Monroe","Webster 36","State Assembly",135,"REP","Mark C. Johns",221
"Monroe","Webster 37","State Assembly",135,"REP","Mark C. Johns",392
"Monroe","Webster 38","State Assembly",135,"REP","Mark C. Johns",237
"Monroe","Webster 39","State Assembly",135,"REP","Mark C. Johns",204
"Monroe","Webster 40","State Assembly",135,"REP","Mark C. Johns",497
"Monroe","Webster 41","State Assembly",135,"REP","Mark C. Johns",346
"Monroe","Webster 42","State Assembly",135,"REP","Mark C. Johns",247
"Monroe","Webster 43","State Assembly",135,"REP","Mark C. Johns",227
"Monroe","East Rochester 1","State Assembly",135,"CON","Mark C. Johns",20
"Monroe","East Rochester 2","State Assembly",135,"CON","Mark C. Johns",27
"Monroe","East Rochester 3","State Assembly",135,"CON","Mark C. Johns",31
"Monroe","East Rochester 4","State Assembly",135,"CON","Mark C. Johns",14
"Monroe","East Rochester 5","State Assembly",135,"CON","Mark C. Johns",29
"Monroe","East Rochester 6","State Assembly",135,"CON","Mark C. Johns",29
"Monroe","East Rochester 7","State Assembly",135,"CON","Mark C. Johns",27
"Monroe","Penfield 1","State Assembly",135,"CON","Mark C. Johns",20
"Monroe","Penfield 2","State Assembly",135,"CON","Mark C. Johns",30
"Monroe","Penfield 3","State Assembly",135,"CON","Mark C. Johns",44
"Monroe","Penfield 4","State Assembly",135,"CON","Mark C. Johns",77
"Monroe","Penfield 5","State Assembly",135,"CON","Mark C. Johns",38
"Monroe","Penfield 6","State Assembly",135,"CON","Mark C. Johns",29
"Monroe","Penfield 7","State Assembly",135,"CON","Mark C. Johns",39
"Monroe","Penfield 8","State Assembly",135,"CON","Mark C. Johns",29
"Monroe","Penfield 9","State Assembly",135,"CON","Mark C. Johns",32
"Monroe","Penfield 10","State Assembly",135,"CON","Mark C. Johns",25
"Monroe","Penfield 11","State Assembly",135,"CON","Mark C. Johns",15
"Monroe","Penfield 12","State Assembly",135,"CON","Mark C. Johns",27
"Monroe","Penfield 13","State Assembly",135,"CON","Mark C. Johns",51
"Monroe","Penfield 14","State Assembly",135,"CON","Mark C. Johns",62
"Monroe","Penfield 15","State Assembly",135,"CON","Mark C. Johns",50
"Monroe","Penfield 16","State Assembly",135,"CON","Mark C. Johns",9
"Monroe","Penfield 17","State Assembly",135,"CON","Mark C. Johns",34
"Monroe","Penfield 18","State Assembly",135,"CON","Mark C. Johns",18
"Monroe","Penfield 19","State Assembly",135,"CON","Mark C. Johns",38
"Monroe","Penfield 20","State Assembly",135,"CON","Mark C. Johns",48
"Monroe","Penfield 21","State Assembly",135,"CON","Mark C. Johns",32
"Monroe","Penfield 22","State Assembly",135,"CON","Mark C. Johns",33
"Monroe","Penfield 23","State Assembly",135,"CON","Mark C. Johns",44
"Monroe","Penfield 24","State Assembly",135,"CON","Mark C. Johns",57
"Monroe","Penfield 25","State Assembly",135,"CON","Mark C. Johns",35
"Monroe","Penfield 26","State Assembly",135,"CON","Mark C. Johns",26
"Monroe","Penfield 27","State Assembly",135,"CON","Mark C. Johns",45
"Monroe","Penfield 28","State Assembly",135,"CON","Mark C. Johns",33
"Monroe","Penfield 29","State Assembly",135,"CON","Mark C. Johns",47
"Monroe","Penfield 30","State Assembly",135,"CON","Mark C. Johns",65
"Monroe","Penfield 31","State Assembly",135,"CON","Mark C. Johns",16
"Monroe","Penfield 32","State Assembly",135,"CON","Mark C. Johns",14
"Monroe","Penfield 33","State Assembly",135,"CON","Mark C. Johns",45
"Monroe","Penfield 34","State Assembly",135,"CON","Mark C. Johns",38
"Monroe","Penfield 35","State Assembly",135,"CON","Mark C. Johns",40
"Monroe","Penfield 36","State Assembly",135,"CON","Mark C. Johns",31
"Monroe","Penfield 37","State Assembly",135,"CON","Mark C. Johns",65
"Monroe","Penfield 38","State Assembly",135,"CON","Mark C. Johns",23
"Monroe","Penfield 39","State Assembly",135,"CON","Mark C. Johns",40
"Monroe","Penfield 40","State Assembly",135,"CON","Mark C. Johns",22
"Monroe","Penfield 41","State Assembly",135,"CON","Mark C. Johns",41
"Monroe","Penfield 42","State Assembly",135,"CON","Mark C. Johns",38
"Monroe","Perinton 1","State Assembly",135,"CON","Mark C. Johns",65
"Monroe","Perinton 2","State Assembly",135,"CON","Mark C. Johns",41
"Monroe","Perinton 3","State Assembly",135,"CON","Mark C. Johns",36
"Monroe","Perinton 4","State Assembly",135,"CON","Mark C. Johns",29
"Monroe","Perinton 5","State Assembly",135,"CON","Mark C. Johns",20
"Monroe","Perinton 6","State Assembly",135,"CON","Mark C. Johns",17
"Monroe","Perinton 7","State Assembly",135,"CON","Mark C. Johns",40
"Monroe","Perinton 8","State Assembly",135,"CON","Mark C. Johns",37
"Monroe","Perinton 9","State Assembly",135,"CON","Mark C. Johns",48
"Monroe","Perinton 10","State Assembly",135,"CON","Mark C. Johns",36
"Monroe","Perinton 11","State Assembly",135,"CON","Mark C. Johns",29
"Monroe","Perinton 12","State Assembly",135,"CON","Mark C. Johns",28
"Monroe","Perinton 13","State Assembly",135,"CON","Mark C. Johns",26
"Monroe","Perinton 14","State Assembly",135,"CON","Mark C. Johns",43
"Monroe","Perinton 15","State Assembly",135,"CON","Mark C. Johns",26
"Monroe","Perinton 16","State Assembly",135,"CON","Mark C. Johns",25
"Monroe","Perinton 17","State Assembly",135,"CON","Mark C. Johns",24
"Monroe","Perinton 18","State Assembly",135,"CON","Mark C. Johns",38
"Monroe","Perinton 19","State Assembly",135,"CON","Mark C. Johns",45
"Monroe","Perinton 20","State Assembly",135,"CON","Mark C. Johns",32
"Monroe","Perinton 21","State Assembly",135,"CON","Mark C. Johns",38
"Monroe","Perinton 22","State Assembly",135,"CON","Mark C. Johns",20
"Monroe","Perinton 23","State Assembly",135,"CON","Mark C. Johns",46
"Monroe","Perinton 24","State Assembly",135,"CON","Mark C. Johns",44
"Monroe","Perinton 25","State Assembly",135,"CON","Mark C. Johns",17
"Monroe","Perinton 26","State Assembly",135,"CON","Mark C. Johns",41
"Monroe","Perinton 27","State Assembly",135,"CON","Mark C. Johns",29
"Monroe","Perinton 28","State Assembly",135,"CON","Mark C. Johns",20
"Monroe","Perinton 29","State Assembly",135,"CON","Mark C. Johns",19
"Monroe","Perinton 30","State Assembly",135,"CON","Mark C. Johns",33
"Monroe","Perinton 31","State Assembly",135,"CON","Mark C. Johns",38
"Monroe","Perinton 32","State Assembly",135,"CON","Mark C. Johns",37
"Monroe","Perinton 33","State Assembly",135,"CON","Mark C. Johns",27
"Monroe","Perinton 34","State Assembly",135,"CON","Mark C. Johns",39
"Monroe","Perinton 35","State Assembly",135,"CON","Mark C. Johns",33
"Monroe","Perinton 36","State Assembly",135,"CON","Mark C. Johns",20
"Monroe","Perinton 37","State Assembly",135,"CON","Mark C. Johns",39
"Monroe","Perinton 38","State Assembly",135,"CON","Mark C. Johns",35
"Monroe","Perinton 39","State Assembly",135,"CON","Mark C. Johns",42
"Monroe","Perinton 40","State Assembly",135,"CON","Mark C. Johns",27
"Monroe","Perinton 41","State Assembly",135,"CON","Mark C. Johns",28
"Monroe","Perinton 42","State Assembly",135,"CON","Mark C. Johns",41
"Monroe","Perinton 43","State Assembly",135,"CON","Mark C. Johns",60
"Monroe","Perinton 44","State Assembly",135,"CON","Mark C. Johns",30
"Monroe","Perinton 45","State Assembly",135,"CON","Mark C. Johns",63
"Monroe","Perinton 46","State Assembly",135,"CON","Mark C. Johns",25
"Monroe","Perinton 47","State Assembly",135,"CON","Mark C. Johns",50
"Monroe","Perinton 48","State Assembly",135,"CON","Mark C. Johns",33
"Monroe","Perinton 49","State Assembly",135,"CON","Mark C. Johns",33
"Monroe","Perinton 50","State Assembly",135,"CON","Mark C. Johns",8
"Monroe","Perinton 51","State Assembly",135,"CON","Mark C. Johns",54
"Monroe","Perinton 52","State Assembly",135,"CON","Mark C. Johns",35
"Monroe","Perinton 53","State Assembly",135,"CON","Mark C. Johns",22
"Monroe","Perinton 54","State Assembly",135,"CON","Mark C. Johns",44
"Monroe","Perinton 55","State Assembly",135,"CON","Mark C. Johns",20
"Monroe","Perinton 56","State Assembly",135,"CON","Mark C. Johns",47
"Monroe","Webster 1","State Assembly",135,"CON","Mark C. Johns",39
"Monroe","Webster 2","State Assembly",135,"CON","Mark C. Johns",37
"Monroe","Webster 3","State Assembly",135,"CON","Mark C. Johns",52
"Monroe","Webster 4","State Assembly",135,"CON","Mark C. Johns",20
"Monroe","Webster 5","State Assembly",135,"CON","Mark C. Johns",43
"Monroe","Webster 6","State Assembly",135,"CON","Mark C. Johns",25
"Monroe","Webster 7","State Assembly",135,"CON","Mark C. Johns",39
"Monroe","Webster 8","State Assembly",135,"CON","Mark C. Johns",48
"Monroe","Webster 9","State Assembly",135,"CON","Mark C. Johns",46
"Monroe","Webster 10","State Assembly",135,"CON","Mark C. Johns",86
"Monroe","Webster 11","State Assembly",135,"CON","Mark C. Johns",48
"Monroe","Webster 12","State Assembly",135,"CON","Mark C. Johns",45
"Monroe","Webster 13","State Assembly",135,"CON","Mark C. Johns",48
"Monroe","Webster 14","State Assembly",135,"CON","Mark C. Johns",34
"Monroe","Webster 15","State Assembly",135,"CON","Mark C. Johns",29
"Monroe","Webster 16","State Assembly",135,"CON","Mark C. Johns",50
"Monroe","Webster 17","State Assembly",135,"CON","Mark C. Johns",36
"Monroe","Webster 18","State Assembly",135,"CON","Mark C. Johns",27
"Monroe","Webster 19","State Assembly",135,"CON","Mark C. Johns",73
"Monroe","Webster 20","State Assembly",135,"CON","Mark C. Johns",67
"Monroe","Webster 21","State Assembly",135,"CON","Mark C. Johns",46
"Monroe","Webster 22","State Assembly",135,"CON","Mark C. Johns",61
"Monroe","Webster 23","State Assembly",135,"CON","Mark C. Johns",38
"Monroe","Webster 24","State Assembly",135,"CON","Mark C. Johns",109
"Monroe","Webster 25","State Assembly",135,"CON","Mark C. Johns",21
"Monroe","Webster 26","State Assembly",135,"CON","Mark C. Johns",44
"Monroe","Webster 27","State Assembly",135,"CON","Mark C. Johns",44
"Monroe","Webster 28","State Assembly",135,"CON","Mark C. Johns",50
"Monroe","Webster 29","State Assembly",135,"CON","Mark C. Johns",22
"Monroe","Webster 30","State Assembly",135,"CON","Mark C. Johns",20
"Monroe","Webster 31","State Assembly",135,"CON","Mark C. Johns",55
"Monroe","Webster 32","State Assembly",135,"CON","Mark C. Johns",76
"Monroe","Webster 33","State Assembly",135,"CON","Mark C. Johns",41
"Monroe","Webster 34","State Assembly",135,"CON","Mark C. Johns",20
"Monroe","Webster 35","State Assembly",135,"CON","Mark C. Johns",45
"Monroe","Webster 36","State Assembly",135,"CON","Mark C. Johns",45
"Monroe","Webster 37","State Assembly",135,"CON","Mark C. Johns",56
"Monroe","Webster 38","State Assembly",135,"CON","Mark C. Johns",31
"Monroe","Webster 39","State Assembly",135,"CON","Mark C. Johns",32
"Monroe","Webster 40","State Assembly",135,"CON","Mark C. Johns",69
"Monroe","Webster 41","State Assembly",135,"CON","Mark C. Johns",62
"Monroe","Webster 42","State Assembly",135,"CON","Mark C. Johns",52
"Monroe","Webster 43","State Assembly",135,"CON","Mark C. Johns",35
"Monroe","East Rochester 1","State Assembly",135,"IND","Mark C. Johns",19
"Monroe","East Rochester 2","State Assembly",135,"IND","Mark C. Johns",19
"Monroe","East Rochester 3","State Assembly",135,"IND","Mark C. Johns",15
"Monroe","East Rochester 4","State Assembly",135,"IND","Mark C. Johns",15
"Monroe","East Rochester 5","State Assembly",135,"IND","Mark C. Johns",24
"Monroe","East Rochester 6","State Assembly",135,"IND","Mark C. Johns",11
"Monroe","East Rochester 7","State Assembly",135,"IND","Mark C. Johns",18
"Monroe","Penfield 1","State Assembly",135,"IND","Mark C. Johns",10
"Monroe","Penfield 2","State Assembly",135,"IND","Mark C. Johns",17
"Monroe","Penfield 3","State Assembly",135,"IND","Mark C. Johns",18
"Monroe","Penfield 4","State Assembly",135,"IND","Mark C. Johns",23
"Monroe","Penfield 5","State Assembly",135,"IND","Mark C. Johns",18
"Monroe","Penfield 6","State Assembly",135,"IND","Mark C. Johns",14
"Monroe","Penfield 7","State Assembly",135,"IND","Mark C. Johns",16
"Monroe","Penfield 8","State Assembly",135,"IND","Mark C. Johns",13
"Monroe","Penfield 9","State Assembly",135,"IND","Mark C. Johns",17
"Monroe","Penfield 10","State Assembly",135,"IND","Mark C. Johns",13
"Monroe","Penfield 11","State Assembly",135,"IND","Mark C. Johns",9
"Monroe","Penfield 12","State Assembly",135,"IND","Mark C. Johns",18
"Monroe","Penfield 13","State Assembly",135,"IND","Mark C. Johns",17
"Monroe","Penfield 14","State Assembly",135,"IND","Mark C. Johns",17
"Monroe","Penfield 15","State Assembly",135,"IND","Mark C. Johns",18
"Monroe","Penfield 16","State Assembly",135,"IND","Mark C. Johns",10
"Monroe","Penfield 17","State Assembly",135,"IND","Mark C. Johns",21
"Monroe","Penfield 18","State Assembly",135,"IND","Mark C. Johns",16
"Monroe","Penfield 19","State Assembly",135,"IND","Mark C. Johns",21
"Monroe","Penfield 20","State Assembly",135,"IND","Mark C. Johns",15
"Monroe","Penfield 21","State Assembly",135,"IND","Mark C. Johns",17
"Monroe","Penfield 22","State Assembly",135,"IND","Mark C. Johns",17
"Monroe","Penfield 23","State Assembly",135,"IND","Mark C. Johns",20
"Monroe","Penfield 24","State Assembly",135,"IND","Mark C. Johns",28
"Monroe","Penfield 25","State Assembly",135,"IND","Mark C. Johns",6
"Monroe","Penfield 26","State Assembly",135,"IND","Mark C. Johns",12
"Monroe","Penfield 27","State Assembly",135,"IND","Mark C. Johns",20
"Monroe","Penfield 28","State Assembly",135,"IND","Mark C. Johns",20
"Monroe","Penfield 29","State Assembly",135,"IND","Mark C. Johns",24
"Monroe","Penfield 30","State Assembly",135,"IND","Mark C. Johns",15
"Monroe","Penfield 31","State Assembly",135,"IND","Mark C. Johns",7
"Monroe","Penfield 32","State Assembly",135,"IND","Mark C. Johns",8
"Monroe","Penfield 33","State Assembly",135,"IND","Mark C. Johns",18
"Monroe","Penfield 34","State Assembly",135,"IND","Mark C. Johns",8
"Monroe","Penfield 35","State Assembly",135,"IND","Mark C. Johns",30
"Monroe","Penfield 36","State Assembly",135,"IND","Mark C. Johns",23
"Monroe","Penfield 37","State Assembly",135,"IND","Mark C. Johns",23
"Monroe","Penfield 38","State Assembly",135,"IND","Mark C. Johns",6
"Monroe","Penfield 39","State Assembly",135,"IND","Mark C. Johns",10
"Monroe","Penfield 40","State Assembly",135,"IND","Mark C. Johns",17
"Monroe","Penfield 41","State Assembly",135,"IND","Mark C. Johns",18
"Monroe","Penfield 42","State Assembly",135,"IND","Mark C. Johns",16
"Monroe","Perinton 1","State Assembly",135,"IND","Mark C. Johns",23
"Monroe","Perinton 2","State Assembly",135,"IND","Mark C. Johns",14
"Monroe","Perinton 3","State Assembly",135,"IND","Mark C. Johns",16
"Monroe","Perinton 4","State Assembly",135,"IND","Mark C. Johns",13
"Monroe","Perinton 5","State Assembly",135,"IND","Mark C. Johns",11
"Monroe","Perinton 6","State Assembly",135,"IND","Mark C. Johns",16
"Monroe","Perinton 7","State Assembly",135,"IND","Mark C. Johns",23
"Monroe","Perinton 8","State Assembly",135,"IND","Mark C. Johns",11
"Monroe","Perinton 9","State Assembly",135,"IND","Mark C. Johns",20
"Monroe","Perinton 10","State Assembly",135,"IND","Mark C. Johns",22
"Monroe","Perinton 11","State Assembly",135,"IND","Mark C. Johns",14
"Monroe","Perinton 12","State Assembly",135,"IND","Mark C. Johns",11
"Monroe","Perinton 13","State Assembly",135,"IND","Mark C. Johns",8
"Monroe","Perinton 14","State Assembly",135,"IND","Mark C. Johns",18
"Monroe","Perinton 15","State Assembly",135,"IND","Mark C. Johns",20
"Monroe","Perinton 16","State Assembly",135,"IND","Mark C. Johns",11
"Monroe","Perinton 17","State Assembly",135,"IND","Mark C. Johns",13
"Monroe","Perinton 18","State Assembly",135,"IND","Mark C. Johns",23
"Monroe","Perinton 19","State Assembly",135,"IND","Mark C. Johns",15
"Monroe","Perinton 20","State Assembly",135,"IND","Mark C. Johns",11
"Monroe","Perinton 21","State Assembly",135,"IND","Mark C. Johns",8
"Monroe","Perinton 22","State Assembly",135,"IND","Mark C. Johns",8
"Monroe","Perinton 23","State Assembly",135,"IND","Mark C. Johns",18
"Monroe","Perinton 24","State Assembly",135,"IND","Mark C. Johns",21
"Monroe","Perinton 25","State Assembly",135,"IND","Mark C. Johns",15
"Monroe","Perinton 26","State Assembly",135,"IND","Mark C. Johns",15
"Monroe","Perinton 27","State Assembly",135,"IND","Mark C. Johns",4
"Monroe","Perinton 28","State Assembly",135,"IND","Mark C. Johns",16
"Monroe","Perinton 29","State Assembly",135,"IND","Mark C. Johns",8
"Monroe","Perinton 30","State Assembly",135,"IND","Mark C. Johns",20
"Monroe","Perinton 31","State Assembly",135,"IND","Mark C. Johns",19
"Monroe","Perinton 32","State Assembly",135,"IND","Mark C. Johns",13
"Monroe","Perinton 33","State Assembly",135,"IND","Mark C. Johns",11
"Monroe","Perinton 34","State Assembly",135,"IND","Mark C. Johns",12
"Monroe","Perinton 35","State Assembly",135,"IND","Mark C. Johns",13
"Monroe","Perinton 36","State Assembly",135,"IND","Mark C. Johns",7
"Monroe","Perinton 37","State Assembly",135,"IND","Mark C. Johns",7
"Monroe","Perinton 38","State Assembly",135,"IND","Mark C. Johns",30
"Monroe","Perinton 39","State Assembly",135,"IND","Mark C. Johns",25
"Monroe","Perinton 40","State Assembly",135,"IND","Mark C. Johns",12
"Monroe","Perinton 41","State Assembly",135,"IND","Mark C. Johns",15
"Monroe","Perinton 42","State Assembly",135,"IND","Mark C. Johns",13
"Monroe","Perinton 43","State Assembly",135,"IND","Mark C. Johns",27
"Monroe","Perinton 44","State Assembly",135,"IND","Mark C. Johns",13
"Monroe","Perinton 45","State Assembly",135,"IND","Mark C. Johns",21
"Monroe","Perinton 46","State Assembly",135,"IND","Mark C. Johns",5
"Monroe","Perinton 47","State Assembly",135,"IND","Mark C. Johns",20
"Monroe","Perinton 48","State Assembly",135,"IND","Mark C. Johns",14
"Monroe","Perinton 49","State Assembly",135,"IND","Mark C. Johns",9
"Monroe","Perinton 50","State Assembly",135,"IND","Mark C. Johns",7
"Monroe","Perinton 51","State Assembly",135,"IND","Mark C. Johns",10
"Monroe","Perinton 52","State Assembly",135,"IND","Mark C. Johns",6
"Monroe","Perinton 53","State Assembly",135,"IND","Mark C. Johns",13
"Monroe","Perinton 54","State Assembly",135,"IND","Mark C. Johns",19
"Monroe","Perinton 55","State Assembly",135,"IND","Mark C. Johns",10
"Monroe","Perinton 56","State Assembly",135,"IND","Mark C. Johns",12
"Monroe","Webster 1","State Assembly",135,"IND","Mark C. Johns",21
"Monroe","Webster 2","State Assembly",135,"IND","Mark C. Johns",21
"Monroe","Webster 3","State Assembly",135,"IND","Mark C. Johns",21
"Monroe","Webster 4","State Assembly",135,"IND","Mark C. Johns",11
"Monroe","Webster 5","State Assembly",135,"IND","Mark C. Johns",18
"Monroe","Webster 6","State Assembly",135,"IND","Mark C. Johns",14
"Monroe","Webster 7","State Assembly",135,"IND","Mark C. Johns",17
"Monroe","Webster 8","State Assembly",135,"IND","Mark C. Johns",8
"Monroe","Webster 9","State Assembly",135,"IND","Mark C. Johns",8
"Monroe","Webster 10","State Assembly",135,"IND","Mark C. Johns",27
"Monroe","Webster 11","State Assembly",135,"IND","Mark C. Johns",17
"Monroe","Webster 12","State Assembly",135,"IND","Mark C. Johns",14
"Monroe","Webster 13","State Assembly",135,"IND","Mark C. Johns",16
"Monroe","Webster 14","State Assembly",135,"IND","Mark C. Johns",15
"Monroe","Webster 15","State Assembly",135,"IND","Mark C. Johns",15
"Monroe","Webster 16","State Assembly",135,"IND","Mark C. Johns",18
"Monroe","Webster 17","State Assembly",135,"IND","Mark C. Johns",17
"Monroe","Webster 18","State Assembly",135,"IND","Mark C. Johns",6
"Monroe","Webster 19","State Assembly",135,"IND","Mark C. Johns",17
"Monroe","Webster 20","State Assembly",135,"IND","Mark C. Johns",29
"Monroe","Webster 21","State Assembly",135,"IND","Mark C. Johns",14
"Monroe","Webster 22","State Assembly",135,"IND","Mark C. Johns",19
"Monroe","Webster 23","State Assembly",135,"IND","Mark C. Johns",22
"Monroe","Webster 24","State Assembly",135,"IND","Mark C. Johns",30
"Monroe","Webster 25","State Assembly",135,"IND","Mark C. Johns",7
"Monroe","Webster 26","State Assembly",135,"IND","Mark C. Johns",22
"Monroe","Webster 27","State Assembly",135,"IND","Mark C. Johns",14
"Monroe","Webster 28","State Assembly",135,"IND","Mark C. Johns",15
"Monroe","Webster 29","State Assembly",135,"IND","Mark C. Johns",13
"Monroe","Webster 30","State Assembly",135,"IND","Mark C. Johns",10
"Monroe","Webster 31","State Assembly",135,"IND","Mark C. Johns",14
"Monroe","Webster 32","State Assembly",135,"IND","Mark C. Johns",17
"Monroe","Webster 33","State Assembly",135,"IND","Mark C. Johns",19
"Monroe","Webster 34","State Assembly",135,"IND","Mark C. Johns",8
"Monroe","Webster 35","State Assembly",135,"IND","Mark C. Johns",14
"Monroe","Webster 36","State Assembly",135,"IND","Mark C. Johns",14
"Monroe","Webster 37","State Assembly",135,"IND","Mark C. Johns",20
"Monroe","Webster 38","State Assembly",135,"IND","Mark C. Johns",15
"Monroe","Webster 39","State Assembly",135,"IND","Mark C. Johns",15
"Monroe","Webster 40","State Assembly",135,"IND","Mark C. Johns",19
"Monroe","Webster 41","State Assembly",135,"IND","Mark C. Johns",18
"Monroe","Webster 42","State Assembly",135,"IND","Mark C. Johns",20
"Monroe","Webster 43","State Assembly",135,"IND","Mark C. Johns",6
"Monroe","East Rochester 1","State Assembly",135,"WEP","Dorothy A. Styk",14
"Monroe","East Rochester 2","State Assembly",135,"WEP","Dorothy A. Styk",12
"Monroe","East Rochester 3","State Assembly",135,"WEP","Dorothy A. Styk",8
"Monroe","East Rochester 4","State Assembly",135,"WEP","Dorothy A. Styk",18
"Monroe","East Rochester 5","State Assembly",135,"WEP","Dorothy A. Styk",14
"Monroe","East Rochester 6","State Assembly",135,"WEP","Dorothy A. Styk",9
"Monroe","East Rochester 7","State Assembly",135,"WEP","Dorothy A. Styk",16
"Monroe","Penfield 1","State Assembly",135,"WEP","Dorothy A. Styk",2
"Monroe","Penfield 2","State Assembly",135,"WEP","Dorothy A. Styk",8
"Monroe","Penfield 3","State Assembly",135,"WEP","Dorothy A. Styk",11
"Monroe","Penfield 4","State Assembly",135,"WEP","Dorothy A. Styk",16
"Monroe","Penfield 5","State Assembly",135,"WEP","Dorothy A. Styk",16
"Monroe","Penfield 6","State Assembly",135,"WEP","Dorothy A. Styk",6
"Monroe","Penfield 7","State Assembly",135,"WEP","Dorothy A. Styk",9
"Monroe","Penfield 8","State Assembly",135,"WEP","Dorothy A. Styk",10
"Monroe","Penfield 9","State Assembly",135,"WEP","Dorothy A. Styk",17
"Monroe","Penfield 10","State Assembly",135,"WEP","Dorothy A. Styk",8
"Monroe","Penfield 11","State Assembly",135,"WEP","Dorothy A. Styk",2
"Monroe","Penfield 12","State Assembly",135,"WEP","Dorothy A. Styk",13
"Monroe","Penfield 13","State Assembly",135,"WEP","Dorothy A. Styk",12
"Monroe","Penfield 14","State Assembly",135,"WEP","Dorothy A. Styk",17
"Monroe","Penfield 15","State Assembly",135,"WEP","Dorothy A. Styk",8
"Monroe","Penfield 16","State Assembly",135,"WEP","Dorothy A. Styk",5
"Monroe","Penfield 17","State Assembly",135,"WEP","Dorothy A. Styk",14
"Monroe","Penfield 18","State Assembly",135,"WEP","Dorothy A. Styk",7
"Monroe","Penfield 19","State Assembly",135,"WEP","Dorothy A. Styk",13
"Monroe","Penfield 20","State Assembly",135,"WEP","Dorothy A. Styk",6
"Monroe","Penfield 21","State Assembly",135,"WEP","Dorothy A. Styk",18
"Monroe","Penfield 22","State Assembly",135,"WEP","Dorothy A. Styk",13
"Monroe","Penfield 23","State Assembly",135,"WEP","Dorothy A. Styk",15
"Monroe","Penfield 24","State Assembly",135,"WEP","Dorothy A. Styk",11
"Monroe","Penfield 25","State Assembly",135,"WEP","Dorothy A. Styk",11
"Monroe","Penfield 26","State Assembly",135,"WEP","Dorothy A. Styk",7
"Monroe","Penfield 27","State Assembly",135,"WEP","Dorothy A. Styk",11
"Monroe","Penfield 28","State Assembly",135,"WEP","Dorothy A. Styk",6
"Monroe","Penfield 29","State Assembly",135,"WEP","Dorothy A. Styk",10
"Monroe","Penfield 30","State Assembly",135,"WEP","Dorothy A. Styk",9
"Monroe","Penfield 31","State Assembly",135,"WEP","Dorothy A. Styk",6
"Monroe","Penfield 32","State Assembly",135,"WEP","Dorothy A. Styk",5
"Monroe","Penfield 33","State Assembly",135,"WEP","Dorothy A. Styk",13
"Monroe","Penfield 34","State Assembly",135,"WEP","Dorothy A. Styk",7
"Monroe","Penfield 35","State Assembly",135,"WEP","Dorothy A. Styk",16
"Monroe","Penfield 36","State Assembly",135,"WEP","Dorothy A. Styk",10
"Monroe","Penfield 37","State Assembly",135,"WEP","Dorothy A. Styk",8
"Monroe","Penfield 38","State Assembly",135,"WEP","Dorothy A. Styk",4
"Monroe","Penfield 39","State Assembly",135,"WEP","Dorothy A. Styk",7
"Monroe","Penfield 40","State Assembly",135,"WEP","Dorothy A. Styk",10
"Monroe","Penfield 41","State Assembly",135,"WEP","Dorothy A. Styk",4
"Monroe","Penfield 42","State Assembly",135,"WEP","Dorothy A. Styk",5
"Monroe","Perinton 1","State Assembly",135,"WEP","Dorothy A. Styk",11
"Monroe","Perinton 2","State Assembly",135,"WEP","Dorothy A. Styk",8
"Monroe","Perinton 3","State Assembly",135,"WEP","Dorothy A. Styk",11
"Monroe","Perinton 4","State Assembly",135,"WEP","Dorothy A. Styk",16
"Monroe","Perinton 5","State Assembly",135,"WEP","Dorothy A. Styk",4
"Monroe","Perinton 6","State Assembly",135,"WEP","Dorothy A. Styk",7
"Monroe","Perinton 7","State Assembly",135,"WEP","Dorothy A. Styk",6
"Monroe","Perinton 8","State Assembly",135,"WEP","Dorothy A. Styk",9
"Monroe","Perinton 9","State Assembly",135,"WEP","Dorothy A. Styk",11
"Monroe","Perinton 10","State Assembly",135,"WEP","Dorothy A. Styk",9
"Monroe","Perinton 11","State Assembly",135,"WEP","Dorothy A. Styk",7
"Monroe","Perinton 12","State Assembly",135,"WEP","Dorothy A. Styk",8
"Monroe","Perinton 13","State Assembly",135,"WEP","Dorothy A. Styk",3
"Monroe","Perinton 14","State Assembly",135,"WEP","Dorothy A. Styk",11
"Monroe","Perinton 15","State Assembly",135,"WEP","Dorothy A. Styk",15
"Monroe","Perinton 16","State Assembly",135,"WEP","Dorothy A. Styk",5
"Monroe","Perinton 17","State Assembly",135,"WEP","Dorothy A. Styk",16
"Monroe","Perinton 18","State Assembly",135,"WEP","Dorothy A. Styk",9
"Monroe","Perinton 19","State Assembly",135,"WEP","Dorothy A. Styk",6
"Monroe","Perinton 20","State Assembly",135,"WEP","Dorothy A. Styk",10
"Monroe","Perinton 21","State Assembly",135,"WEP","Dorothy A. Styk",16
"Monroe","Perinton 22","State Assembly",135,"WEP","Dorothy A. Styk",14
"Monroe","Perinton 23","State Assembly",135,"WEP","Dorothy A. Styk",15
"Monroe","Perinton 24","State Assembly",135,"WEP","Dorothy A. Styk",7
"Monroe","Perinton 25","State Assembly",135,"WEP","Dorothy A. Styk",11
"Monroe","Perinton 26","State Assembly",135,"WEP","Dorothy A. Styk",6
"Monroe","Perinton 27","State Assembly",135,"WEP","Dorothy A. Styk",4
"Monroe","Perinton 28","State Assembly",135,"WEP","Dorothy A. Styk",5
"Monroe","Perinton 29","State Assembly",135,"WEP","Dorothy A. Styk",8
"Monroe","Perinton 30","State Assembly",135,"WEP","Dorothy A. Styk",8
"Monroe","Perinton 31","State Assembly",135,"WEP","Dorothy A. Styk",12
"Monroe","Perinton 32","State Assembly",135,"WEP","Dorothy A. Styk",9
"Monroe","Perinton 33","State Assembly",135,"WEP","Dorothy A. Styk",11
"Monroe","Perinton 34","State Assembly",135,"WEP","Dorothy A. Styk",10
"Monroe","Perinton 35","State Assembly",135,"WEP","Dorothy A. Styk",9
"Monroe","Perinton 36","State Assembly",135,"WEP","Dorothy A. Styk",8
"Monroe","Perinton 37","State Assembly",135,"WEP","Dorothy A. Styk",11
"Monroe","Perinton 38","State Assembly",135,"WEP","Dorothy A. Styk",12
"Monroe","Perinton 39","State Assembly",135,"WEP","Dorothy A. Styk",7
"Monroe","Perinton 40","State Assembly",135,"WEP","Dorothy A. Styk",7
"Monroe","Perinton 41","State Assembly",135,"WEP","Dorothy A. Styk",9
"Monroe","Perinton 42","State Assembly",135,"WEP","Dorothy A. Styk",21
"Monroe","Perinton 43","State Assembly",135,"WEP","Dorothy A. Styk",16
"Monroe","Perinton 44","State Assembly",135,"WEP","Dorothy A. Styk",10
"Monroe","Perinton 45","State Assembly",135,"WEP","Dorothy A. Styk",13
"Monroe","Perinton 46","State Assembly",135,"WEP","Dorothy A. Styk",7
"Monroe","Perinton 47","State Assembly",135,"WEP","Dorothy A. Styk",5
"Monroe","Perinton 48","State Assembly",135,"WEP","Dorothy A. Styk",8
"Monroe","Perinton 49","State Assembly",135,"WEP","Dorothy A. Styk",7
"Monroe","Perinton 50","State Assembly",135,"WEP","Dorothy A. Styk",10
"Monroe","Perinton 51","State Assembly",135,"WEP","Dorothy A. Styk",10
"Monroe","Perinton 52","State Assembly",135,"WEP","Dorothy A. Styk",7
"Monroe","Perinton 53","State Assembly",135,"WEP","Dorothy A. Styk",7
"Monroe","Perinton 54","State Assembly",135,"WEP","Dorothy A. Styk",14
"Monroe","Perinton 55","State Assembly",135,"WEP","Dorothy A. Styk",13
"Monroe","Perinton 56","State Assembly",135,"WEP","Dorothy A. Styk",10
"Monroe","Webster 1","State Assembly",135,"WEP","Dorothy A. Styk",6
"Monroe","Webster 2","State Assembly",135,"WEP","Dorothy A. Styk",20
"Monroe","Webster 3","State Assembly",135,"WEP","Dorothy A. Styk",7
"Monroe","Webster 4","State Assembly",135,"WEP","Dorothy A. Styk",5
"Monroe","Webster 5","State Assembly",135,"WEP","Dorothy A. Styk",10
"Monroe","Webster 6","State Assembly",135,"WEP","Dorothy A. Styk",7
"Monroe","Webster 7","State Assembly",135,"WEP","Dorothy A. Styk",11
"Monroe","Webster 8","State Assembly",135,"WEP","Dorothy A. Styk",10
"Monroe","Webster 9","State Assembly",135,"WEP","Dorothy A. Styk",11
"Monroe","Webster 10","State Assembly",135,"WEP","Dorothy A. Styk",13
"Monroe","Webster 11","State Assembly",135,"WEP","Dorothy A. Styk",9
"Monroe","Webster 12","State Assembly",135,"WEP","Dorothy A. Styk",5
"Monroe","Webster 13","State Assembly",135,"WEP","Dorothy A. Styk",12
"Monroe","Webster 14","State Assembly",135,"WEP","Dorothy A. Styk",2
"Monroe","Webster 15","State Assembly",135,"WEP","Dorothy A. Styk",7
"Monroe","Webster 16","State Assembly",135,"WEP","Dorothy A. Styk",5
"Monroe","Webster 17","State Assembly",135,"WEP","Dorothy A. Styk",5
"Monroe","Webster 18","State Assembly",135,"WEP","Dorothy A. Styk",10
"Monroe","Webster 19","State Assembly",135,"WEP","Dorothy A. Styk",11
"Monroe","Webster 20","State Assembly",135,"WEP","Dorothy A. Styk",3
"Monroe","Webster 21","State Assembly",135,"WEP","Dorothy A. Styk",9
"Monroe","Webster 22","State Assembly",135,"WEP","Dorothy A. Styk",8
"Monroe","Webster 23","State Assembly",135,"WEP","Dorothy A. Styk",7
"Monroe","Webster 24","State Assembly",135,"WEP","Dorothy A. Styk",21
"Monroe","Webster 25","State Assembly",135,"WEP","Dorothy A. Styk",5
"Monroe","Webster 26","State Assembly",135,"WEP","Dorothy A. Styk",5
"Monroe","Webster 27","State Assembly",135,"WEP","Dorothy A. Styk",8
"Monroe","Webster 28","State Assembly",135,"WEP","Dorothy A. Styk",6
"Monroe","Webster 29","State Assembly",135,"WEP","Dorothy A. Styk",3
"Monroe","Webster 30","State Assembly",135,"WEP","Dorothy A. Styk",17
"Monroe","Webster 31","State Assembly",135,"WEP","Dorothy A. Styk",9
"Monroe","Webster 32","State Assembly",135,"WEP","Dorothy A. Styk",4
"Monroe","Webster 33","State Assembly",135,"WEP","Dorothy A. Styk",11
"Monroe","Webster 34","State Assembly",135,"WEP","Dorothy A. Styk",4
"Monroe","Webster 35","State Assembly",135,"WEP","Dorothy A. Styk",3
"Monroe","Webster 36","State Assembly",135,"WEP","Dorothy A. Styk",4
"Monroe","Webster 37","State Assembly",135,"WEP","Dorothy A. Styk",19
"Monroe","Webster 38","State Assembly",135,"WEP","Dorothy A. Styk",8
"Monroe","Webster 39","State Assembly",135,"WEP","Dorothy A. Styk",8
"Monroe","Webster 40","State Assembly",135,"WEP","Dorothy A. Styk",13
"Monroe","Webster 41","State Assembly",135,"WEP","Dorothy A. Styk",12
"Monroe","Webster 42","State Assembly",135,"WEP","Dorothy A. Styk",7
"Monroe","Webster 43","State Assembly",135,"WEP","Dorothy A. Styk",5
"Monroe","East Rochester 1","State Assembly",135,"REF","Mark C. Johns",4
"Monroe","East Rochester 2","State Assembly",135,"REF","Mark C. Johns",0
"Monroe","East Rochester 3","State Assembly",135,"REF","Mark C. Johns",1
"Monroe","East Rochester 4","State Assembly",135,"REF","Mark C. Johns",1
"Monroe","East Rochester 5","State Assembly",135,"REF","Mark C. Johns",1
"Monroe","East Rochester 6","State Assembly",135,"REF","Mark C. Johns",2
"Monroe","East Rochester 7","State Assembly",135,"REF","Mark C. Johns",2
"Monroe","Penfield 1","State Assembly",135,"REF","Mark C. Johns",0
"Monroe","Penfield 2","State Assembly",135,"REF","Mark C. Johns",2
"Monroe","Penfield 3","State Assembly",135,"REF","Mark C. Johns",1
"Monroe","Penfield 4","State Assembly",135,"REF","Mark C. Johns",3
"Monroe","Penfield 5","State Assembly",135,"REF","Mark C. Johns",1
"Monroe","Penfield 6","State Assembly",135,"REF","Mark C. Johns",2
"Monroe","Penfield 7","State Assembly",135,"REF","Mark C. Johns",7
"Monroe","Penfield 8","State Assembly",135,"REF","Mark C. Johns",5
"Monroe","Penfield 9","State Assembly",135,"REF","Mark C. Johns",0
"Monroe","Penfield 10","State Assembly",135,"REF","Mark C. Johns",0
"Monroe","Penfield 11","State Assembly",135,"REF","Mark C. Johns",3
"Monroe","Penfield 12","State Assembly",135,"REF","Mark C. Johns",1
"Monroe","Penfield 13","State Assembly",135,"REF","Mark C. Johns",2
"Monroe","Penfield 14","State Assembly",135,"REF","Mark C. Johns",0
"Monroe","Penfield 15","State Assembly",135,"REF","Mark C. Johns",3
"Monroe","Penfield 16","State Assembly",135,"REF","Mark C. Johns",1
"Monroe","Penfield 17","State Assembly",135,"REF","Mark C. Johns",5
"Monroe","Penfield 18","State Assembly",135,"REF","Mark C. Johns",2
"Monroe","Penfield 19","State Assembly",135,"REF","Mark C. Johns",4
"Monroe","Penfield 20","State Assembly",135,"REF","Mark C. Johns",1
"Monroe","Penfield 21","State Assembly",135,"REF","Mark C. Johns",1
"Monroe","Penfield 22","State Assembly",135,"REF","Mark C. Johns",1
"Monroe","Penfield 23","State Assembly",135,"REF","Mark C. Johns",1
"Monroe","Penfield 24","State Assembly",135,"REF","Mark C. Johns",4
"Monroe","Penfield 25","State Assembly",135,"REF","Mark C. Johns",2
"Monroe","Penfield 26","State Assembly",135,"REF","Mark C. Johns",2
"Monroe","Penfield 27","State Assembly",135,"REF","Mark C. Johns",1
"Monroe","Penfield 28","State Assembly",135,"REF","Mark C. Johns",3
"Monroe","Penfield 29","State Assembly",135,"REF","Mark C. Johns",4
"Monroe","Penfield 30","State Assembly",135,"REF","Mark C. Johns",3
"Monroe","Penfield 31","State Assembly",135,"REF","Mark C. Johns",1
"Monroe","Penfield 32","State Assembly",135,"REF","Mark C. Johns",1
"Monroe","Penfield 33","State Assembly",135,"REF","Mark C. Johns",5
"Monroe","Penfield 34","State Assembly",135,"REF","Mark C. Johns",1
"Monroe","Penfield 35","State Assembly",135,"REF","Mark C. Johns",3
"Monroe","Penfield 36","State Assembly",135,"REF","Mark C. Johns",2
"Monroe","Penfield 37","State Assembly",135,"REF","Mark C. Johns",4
"Monroe","Penfield 38","State Assembly",135,"REF","Mark C. Johns",1
"Monroe","Penfield 39","State Assembly",135,"REF","Mark C. Johns",2
"Monroe","Penfield 40","State Assembly",135,"REF","Mark C. Johns",1
"Monroe","Penfield 41","State Assembly",135,"REF","Mark C. Johns",0
"Monroe","Penfield 42","State Assembly",135,"REF","Mark C. Johns",1
"Monroe","Perinton 1","State Assembly",135,"REF","Mark C. Johns",2
"Monroe","Perinton 2","State Assembly",135,"REF","Mark C. Johns",4
"Monroe","Perinton 3","State Assembly",135,"REF","Mark C. Johns",1
"Monroe","Perinton 4","State Assembly",135,"REF","Mark C. Johns",2
"Monroe","Perinton 5","State Assembly",135,"REF","Mark C. Johns",3
"Monroe","Perinton 6","State Assembly",135,"REF","Mark C. Johns",3
"Monroe","Perinton 7","State Assembly",135,"REF","Mark C. Johns",1
"Monroe","Perinton 8","State Assembly",135,"REF","Mark C. Johns",1
"Monroe","Perinton 9","State Assembly",135,"REF","Mark C. Johns",5
"Monroe","Perinton 10","State Assembly",135,"REF","Mark C. Johns",4
"Monroe","Perinton 11","State Assembly",135,"REF","Mark C. Johns",1
"Monroe","Perinton 12","State Assembly",135,"REF","Mark C. Johns",1
"Monroe","Perinton 13","State Assembly",135,"REF","Mark C. Johns",2
"Monroe","Perinton 14","State Assembly",135,"REF","Mark C. Johns",0
"Monroe","Perinton 15","State Assembly",135,"REF","Mark C. Johns",3
"Monroe","Perinton 16","State Assembly",135,"REF","Mark C. Johns",3
"Monroe","Perinton 17","State Assembly",135,"REF","Mark C. Johns",0
"Monroe","Perinton 18","State Assembly",135,"REF","Mark C. Johns",0
"Monroe","Perinton 19","State Assembly",135,"REF","Mark C. Johns",2
"Monroe","Perinton 20","State Assembly",135,"REF","Mark C. Johns",0
"Monroe","Perinton 21","State Assembly",135,"REF","Mark C. Johns",5
"Monroe","Perinton 22","State Assembly",135,"REF","Mark C. Johns",3
"Monroe","Perinton 23","State Assembly",135,"REF","Mark C. Johns",2
"Monroe","Perinton 24","State Assembly",135,"REF","Mark C. Johns",1
"Monroe","Perinton 25","State Assembly",135,"REF","Mark C. Johns",3
"Monroe","Perinton 26","State Assembly",135,"REF","Mark C. Johns",0
"Monroe","Perinton 27","State Assembly",135,"REF","Mark C. Johns",1
"Monroe","Perinton 28","State Assembly",135,"REF","Mark C. Johns",1
"Monroe","Perinton 29","State Assembly",135,"REF","Mark C. Johns",1
"Monroe","Perinton 30","State Assembly",135,"REF","Mark C. Johns",6
"Monroe","Perinton 31","State Assembly",135,"REF","Mark C. Johns",1
"Monroe","Perinton 32","State Assembly",135,"REF","Mark C. Johns",1
"Monroe","Perinton 33","State Assembly",135,"REF","Mark C. Johns",0
"Monroe","Perinton 34","State Assembly",135,"REF","Mark C. Johns",0
"Monroe","Perinton 35","State Assembly",135,"REF","Mark C. Johns",2
"Monroe","Perinton 36","State Assembly",135,"REF","Mark C. Johns",0
"Monroe","Perinton 37","State Assembly",135,"REF","Mark C. Johns",1
"Monroe","Perinton 38","State Assembly",135,"REF","Mark C. Johns",1
"Monroe","Perinton 39","State Assembly",135,"REF","Mark C. Johns",6
"Monroe","Perinton 40","State Assembly",135,"REF","Mark C. Johns",2
"Monroe","Perinton 41","State Assembly",135,"REF","Mark C. Johns",2
"Monroe","Perinton 42","State Assembly",135,"REF","Mark C. Johns",2
"Monroe","Perinton 43","State Assembly",135,"REF","Mark C. Johns",6
"Monroe","Perinton 44","State Assembly",135,"REF","Mark C. Johns",0
"Monroe","Perinton 45","State Assembly",135,"REF","Mark C. Johns",1
"Monroe","Perinton 46","State Assembly",135,"REF","Mark C. Johns",2
"Monroe","Perinton 47","State Assembly",135,"REF","Mark C. Johns",2
"Monroe","Perinton 48","State Assembly",135,"REF","Mark C. Johns",1
"Monroe","Perinton 49","State Assembly",135,"REF","Mark C. Johns",0
"Monroe","Perinton 50","State Assembly",135,"REF","Mark C. Johns",3
"Monroe","Perinton 51","State Assembly",135,"REF","Mark C. Johns",5
"Monroe","Perinton 52","State Assembly",135,"REF","Mark C. Johns",0
"Monroe","Perinton 53","State Assembly",135,"REF","Mark C. Johns",4
"Monroe","Perinton 54","State Assembly",135,"REF","Mark C. Johns",2
"Monroe","Perinton 55","State Assembly",135,"REF","Mark C. Johns",0
"Monroe","Perinton 56","State Assembly",135,"REF","Mark C. Johns",4
"Monroe","Webster 1","State Assembly",135,"REF","Mark C. Johns",2
"Monroe","Webster 2","State Assembly",135,"REF","Mark C. Johns",8
"Monroe","Webster 3","State Assembly",135,"REF","Mark C. Johns",1
"Monroe","Webster 4","State Assembly",135,"REF","Mark C. Johns",3
"Monroe","Webster 5","State Assembly",135,"REF","Mark C. Johns",3
"Monroe","Webster 6","State Assembly",135,"REF","Mark C. Johns",1
"Monroe","Webster 7","State Assembly",135,"REF","Mark C. Johns",4
"Monroe","Webster 8","State Assembly",135,"REF","Mark C. Johns",2
"Monroe","Webster 9","State Assembly",135,"REF","Mark C. Johns",4
"Monroe","Webster 10","State Assembly",135,"REF","Mark C. Johns",5
"Monroe","Webster 11","State Assembly",135,"REF","Mark C. Johns",2
"Monroe","Webster 12","State Assembly",135,"REF","Mark C. Johns",3
"Monroe","Webster 13","State Assembly",135,"REF","Mark C. Johns",0
"Monroe","Webster 14","State Assembly",135,"REF","Mark C. Johns",4
"Monroe","Webster 15","State Assembly",135,"REF","Mark C. Johns",2
"Monroe","Webster 16","State Assembly",135,"REF","Mark C. Johns",3
"Monroe","Webster 17","State Assembly",135,"REF","Mark C. Johns",1
"Monroe","Webster 18","State Assembly",135,"REF","Mark C. Johns",2
"Monroe","Webster 19","State Assembly",135,"REF","Mark C. Johns",5
"Monroe","Webster 20","State Assembly",135,"REF","Mark C. Johns",3
"Monroe","Webster 21","State Assembly",135,"REF","Mark C. Johns",2
"Monroe","Webster 22","State Assembly",135,"REF","Mark C. Johns",2
"Monroe","Webster 23","State Assembly",135,"REF","Mark C. Johns",1
"Monroe","Webster 24","State Assembly",135,"REF","Mark C. Johns",4
"Monroe","Webster 25","State Assembly",135,"REF","Mark C. Johns",0
"Monroe","Webster 26","State Assembly",135,"REF","Mark C. Johns",1
"Monroe","Webster 27","State Assembly",135,"REF","Mark C. Johns",2
"Monroe","Webster 28","State Assembly",135,"REF","Mark C. Johns",1
"Monroe","Webster 29","State Assembly",135,"REF","Mark C. Johns",4
"Monroe","Webster 30","State Assembly",135,"REF","Mark C. Johns",2
"Monroe","Webster 31","State Assembly",135,"REF","Mark C. Johns",1
"Monroe","Webster 32","State Assembly",135,"REF","Mark C. Johns",3
"Monroe","Webster 33","State Assembly",135,"REF","Mark C. Johns",1
"Monroe","Webster 34","State Assembly",135,"REF","Mark C. Johns",1
"Monroe","Webster 35","State Assembly",135,"REF","Mark C. Johns",1
"Monroe","Webster 36","State Assembly",135,"REF","Mark C. Johns",1
"Monroe","Webster 37","State Assembly",135,"REF","Mark C. Johns",2
"Monroe","Webster 38","State Assembly",135,"REF","Mark C. Johns",6
"Monroe","Webster 39","State Assembly",135,"REF","Mark C. Johns",0
"Monroe","Webster 40","State Assembly",135,"REF","Mark C. Johns",5
"Monroe","Webster 41","State Assembly",135,"REF","Mark C. Johns",3
"Monroe","Webster 42","State Assembly",135,"REF","Mark C. Johns",2
"Monroe","Webster 43","State Assembly",135,"REF","Mark C. Johns",1
"Monroe","East Rochester 1","State Assembly",135,,"Scatter",0
"Monroe","East Rochester 2","State Assembly",135,,"Scatter",0
"Monroe","East Rochester 3","State Assembly",135,,"Scatter",0
"Monroe","East Rochester 4","State Assembly",135,,"Scatter",0
"Monroe","East Rochester 5","State Assembly",135,,"Scatter",0
"Monroe","East Rochester 6","State Assembly",135,,"Scatter",0
"Monroe","East Rochester 7","State Assembly",135,,"Scatter",2
"Monroe","Penfield 1","State Assembly",135,,"Scatter",0
"Monroe","Penfield 2","State Assembly",135,,"Scatter",0
"Monroe","Penfield 3","State Assembly",135,,"Scatter",0
"Monroe","Penfield 4","State Assembly",135,,"Scatter",0
"Monroe","Penfield 5","State Assembly",135,,"Scatter",0
"Monroe","Penfield 6","State Assembly",135,,"Scatter",0
"Monroe","Penfield 7","State Assembly",135,,"Scatter",0
"Monroe","Penfield 8","State Assembly",135,,"Scatter",1
"Monroe","Penfield 9","State Assembly",135,,"Scatter",0
"Monroe","Penfield 10","State Assembly",135,,"Scatter",0
"Monroe","Penfield 11","State Assembly",135,,"Scatter",0
"Monroe","Penfield 12","State Assembly",135,,"Scatter",0
"Monroe","Penfield 13","State Assembly",135,,"Scatter",0
"Monroe","Penfield 14","State Assembly",135,,"Scatter",0
"Monroe","Penfield 15","State Assembly",135,,"Scatter",0
"Monroe","Penfield 16","State Assembly",135,,"Scatter",0
"Monroe","Penfield 17","State Assembly",135,,"Scatter",0
"Monroe","Penfield 18","State Assembly",135,,"Scatter",0
"Monroe","Penfield 19","State Assembly",135,,"Scatter",0
"Monroe","Penfield 20","State Assembly",135,,"Scatter",0
"Monroe","Penfield 21","State Assembly",135,,"Scatter",0
"Monroe","Penfield 22","State Assembly",135,,"Scatter",1
"Monroe","Penfield 23","State Assembly",135,,"Scatter",2
"Monroe","Penfield 24","State Assembly",135,,"Scatter",0
"Monroe","Penfield 25","State Assembly",135,,"Scatter",0
"Monroe","Penfield 26","State Assembly",135,,"Scatter",0
"Monroe","Penfield 27","State Assembly",135,,"Scatter",0
"Monroe","Penfield 28","State Assembly",135,,"Scatter",0
"Monroe","Penfield 29","State Assembly",135,,"Scatter",0
"Monroe","Penfield 30","State Assembly",135,,"Scatter",0
"Monroe","Penfield 31","State Assembly",135,,"Scatter",1
"Monroe","Penfield 32","State Assembly",135,,"Scatter",0
"Monroe","Penfield 33","State Assembly",135,,"Scatter",0
"Monroe","Penfield 34","State Assembly",135,,"Scatter",0
"Monroe","Penfield 35","State Assembly",135,,"Scatter",0
"Monroe","Penfield 36","State Assembly",135,,"Scatter",0
"Monroe","Penfield 37","State Assembly",135,,"Scatter",0
"Monroe","Penfield 38","State Assembly",135,,"Scatter",0
"Monroe","Penfield 39","State Assembly",135,,"Scatter",0
"Monroe","Penfield 40","State Assembly",135,,"Scatter",1
"Monroe","Penfield 41","State Assembly",135,,"Scatter",0
"Monroe","Penfield 42","State Assembly",135,,"Scatter",0
"Monroe","Perinton 1","State Assembly",135,,"Scatter",0
"Monroe","Perinton 2","State Assembly",135,,"Scatter",0
"Monroe","Perinton 3","State Assembly",135,,"Scatter",1
"Monroe","Perinton 4","State Assembly",135,,"Scatter",0
"Monroe","Perinton 5","State Assembly",135,,"Scatter",0
"Monroe","Perinton 6","State Assembly",135,,"Scatter",0
"Monroe","Perinton 7","State Assembly",135,,"Scatter",0
"Monroe","Perinton 8","State Assembly",135,,"Scatter",0
"Monroe","Perinton 9","State Assembly",135,,"Scatter",0
"Monroe","Perinton 10","State Assembly",135,,"Scatter",0
"Monroe","Perinton 11","State Assembly",135,,"Scatter",0
"Monroe","Perinton 12","State Assembly",135,,"Scatter",0
"Monroe","Perinton 13","State Assembly",135,,"Scatter",0
"Monroe","Perinton 14","State Assembly",135,,"Scatter",0
"Monroe","Perinton 15","State Assembly",135,,"Scatter",0
"Monroe","Perinton 16","State Assembly",135,,"Scatter",0
"Monroe","Perinton 17","State Assembly",135,,"Scatter",0
"Monroe","Perinton 18","State Assembly",135,,"Scatter",0
"Monroe","Perinton 19","State Assembly",135,,"Scatter",0
"Monroe","Perinton 20","State Assembly",135,,"Scatter",0
"Monroe","Perinton 21","State Assembly",135,,"Scatter",0
"Monroe","Perinton 22","State Assembly",135,,"Scatter",0
"Monroe","Perinton 23","State Assembly",135,,"Scatter",0
"Monroe","Perinton 24","State Assembly",135,,"Scatter",0
"Monroe","Perinton 25","State Assembly",135,,"Scatter",1
"Monroe","Perinton 26","State Assembly",135,,"Scatter",0
"Monroe","Perinton 27","State Assembly",135,,"Scatter",0
"Monroe","Perinton 28","State Assembly",135,,"Scatter",0
"Monroe","Perinton 29","State Assembly",135,,"Scatter",0
"Monroe","Perinton 30","State Assembly",135,,"Scatter",0
"Monroe","Perinton 31","State Assembly",135,,"Scatter",0
"Monroe","Perinton 32","State Assembly",135,,"Scatter",1
"Monroe","Perinton 33","State Assembly",135,,"Scatter",0
"Monroe","Perinton 34","State Assembly",135,,"Scatter",0
"Monroe","Perinton 35","State Assembly",135,,"Scatter",0
"Monroe","Perinton 36","State Assembly",135,,"Scatter",0
"Monroe","Perinton 37","State Assembly",135,,"Scatter",0
"Monroe","Perinton 38","State Assembly",135,,"Scatter",0
"Monroe","Perinton 39","State Assembly",135,,"Scatter",0
"Monroe","Perinton 40","State Assembly",135,,"Scatter",0
"Monroe","Perinton 41","State Assembly",135,,"Scatter",0
"Monroe","Perinton 42","State Assembly",135,,"Scatter",0
"Monroe","Perinton 43","State Assembly",135,,"Scatter",1
"Monroe","Perinton 44","State Assembly",135,,"Scatter",1
"Monroe","Perinton 45","State Assembly",135,,"Scatter",0
"Monroe","Perinton 46","State Assembly",135,,"Scatter",0
"Monroe","Perinton 47","State Assembly",135,,"Scatter",1
"Monroe","Perinton 48","State Assembly",135,,"Scatter",0
"Monroe","Perinton 49","State Assembly",135,,"Scatter",1
"Monroe","Perinton 50","State Assembly",135,,"Scatter",0
"Monroe","Perinton 51","State Assembly",135,,"Scatter",0
"Monroe","Perinton 52","State Assembly",135,,"Scatter",0
"Monroe","Perinton 53","State Assembly",135,,"Scatter",0
"Monroe","Perinton 54","State Assembly",135,,"Scatter",0
"Monroe","Perinton 55","State Assembly",135,,"Scatter",0
"Monroe","Perinton 56","State Assembly",135,,"Scatter",1
"Monroe","Webster 1","State Assembly",135,,"Scatter",0
"Monroe","Webster 2","State Assembly",135,,"Scatter",0
"Monroe","Webster 3","State Assembly",135,,"Scatter",0
"Monroe","Webster 4","State Assembly",135,,"Scatter",0
"Monroe","Webster 5","State Assembly",135,,"Scatter",0
"Monroe","Webster 6","State Assembly",135,,"Scatter",0
"Monroe","Webster 7","State Assembly",135,,"Scatter",1
"Monroe","Webster 8","State Assembly",135,,"Scatter",0
"Monroe","Webster 9","State Assembly",135,,"Scatter",0
"Monroe","Webster 10","State Assembly",135,,"Scatter",0
"Monroe","Webster 11","State Assembly",135,,"Scatter",0
"Monroe","Webster 12","State Assembly",135,,"Scatter",0
"Monroe","Webster 13","State Assembly",135,,"Scatter",0
"Monroe","Webster 14","State Assembly",135,,"Scatter",0
"Monroe","Webster 15","State Assembly",135,,"Scatter",0
"Monroe","Webster 16","State Assembly",135,,"Scatter",0
"Monroe","Webster 17","State Assembly",135,,"Scatter",1
"Monroe","Webster 18","State Assembly",135,,"Scatter",0
"Monroe","Webster 19","State Assembly",135,,"Scatter",0
"Monroe","Webster 20","State Assembly",135,,"Scatter",0
"Monroe","Webster 21","State Assembly",135,,"Scatter",0
"Monroe","Webster 22","State Assembly",135,,"Scatter",1
"Monroe","Webster 23","State Assembly",135,,"Scatter",0
"Monroe","Webster 24","State Assembly",135,,"Scatter",0
"Monroe","Webster 25","State Assembly",135,,"Scatter",0
"Monroe","Webster 26","State Assembly",135,,"Scatter",2
"Monroe","Webster 27","State Assembly",135,,"Scatter",0
"Monroe","Webster 28","State Assembly",135,,"Scatter",0
"Monroe","Webster 29","State Assembly",135,,"Scatter",0
"Monroe","Webster 30","State Assembly",135,,"Scatter",0
"Monroe","Webster 31","State Assembly",135,,"Scatter",0
"Monroe","Webster 32","State Assembly",135,,"Scatter",0
"Monroe","Webster 33","State Assembly",135,,"Scatter",0
"Monroe","Webster 34","State Assembly",135,,"Scatter",0
"Monroe","Webster 35","State Assembly",135,,"Scatter",0
"Monroe","Webster 36","State Assembly",135,,"Scatter",1
"Monroe","Webster 37","State Assembly",135,,"Scatter",0
"Monroe","Webster 38","State Assembly",135,,"Scatter",0
"Monroe","Webster 39","State Assembly",135,,"Scatter",0
"Monroe","Webster 40","State Assembly",135,,"Scatter",0
"Monroe","Webster 41","State Assembly",135,,"Scatter",0
"Monroe","Webster 42","State Assembly",135,,"Scatter",0
"Monroe","Webster 43","State Assembly",135,,"Scatter",0
"Monroe","East Rochester 1","State Assembly",135,,"Blank and void",51
"Monroe","East Rochester 2","State Assembly",135,,"Blank and void",41
"Monroe","East Rochester 3","State Assembly",135,,"Blank and void",36
"Monroe","East Rochester 4","State Assembly",135,,"Blank and void",42
"Monroe","East Rochester 5","State Assembly",135,,"Blank and void",29
"Monroe","East Rochester 6","State Assembly",135,,"Blank and void",48
"Monroe","East Rochester 7","State Assembly",135,,"Blank and void",32
"Monroe","Penfield 1","State Assembly",135,,"Blank and void",25
"Monroe","Penfield 2","State Assembly",135,,"Blank and void",35
"Monroe","Penfield 3","State Assembly",135,,"Blank and void",26
"Monroe","Penfield 4","State Assembly",135,,"Blank and void",59
"Monroe","Penfield 5","State Assembly",135,,"Blank and void",36
"Monroe","Penfield 6","State Assembly",135,,"Blank and void",26
"Monroe","Penfield 7","State Assembly",135,,"Blank and void",32
"Monroe","Penfield 8","State Assembly",135,,"Blank and void",37
"Monroe","Penfield 9","State Assembly",135,,"Blank and void",37
"Monroe","Penfield 10","State Assembly",135,,"Blank and void",34
"Monroe","Penfield 11","State Assembly",135,,"Blank and void",28
"Monroe","Penfield 12","State Assembly",135,,"Blank and void",32
"Monroe","Penfield 13","State Assembly",135,,"Blank and void",59
"Monroe","Penfield 14","State Assembly",135,,"Blank and void",58
"Monroe","Penfield 15","State Assembly",135,,"Blank and void",63
"Monroe","Penfield 16","State Assembly",135,,"Blank and void",16
"Monroe","Penfield 17","State Assembly",135,,"Blank and void",36
"Monroe","Penfield 18","State Assembly",135,,"Blank and void",24
"Monroe","Penfield 19","State Assembly",135,,"Blank and void",58
"Monroe","Penfield 20","State Assembly",135,,"Blank and void",40
"Monroe","Penfield 21","State Assembly",135,,"Blank and void",58
"Monroe","Penfield 22","State Assembly",135,,"Blank and void",32
"Monroe","Penfield 23","State Assembly",135,,"Blank and void",59
"Monroe","Penfield 24","State Assembly",135,,"Blank and void",39
"Monroe","Penfield 25","State Assembly",135,,"Blank and void",39
"Monroe","Penfield 26","State Assembly",135,,"Blank and void",34
"Monroe","Penfield 27","State Assembly",135,,"Blank and void",36
"Monroe","Penfield 28","State Assembly",135,,"Blank and void",56
"Monroe","Penfield 29","State Assembly",135,,"Blank and void",52
"Monroe","Penfield 30","State Assembly",135,,"Blank and void",53
"Monroe","Penfield 31","State Assembly",135,,"Blank and void",29
"Monroe","Penfield 32","State Assembly",135,,"Blank and void",22
"Monroe","Penfield 33","State Assembly",135,,"Blank and void",33
"Monroe","Penfield 34","State Assembly",135,,"Blank and void",51
"Monroe","Penfield 35","State Assembly",135,,"Blank and void",70
"Monroe","Penfield 36","State Assembly",135,,"Blank and void",31
"Monroe","Penfield 37","State Assembly",135,,"Blank and void",71
"Monroe","Penfield 38","State Assembly",135,,"Blank and void",26
"Monroe","Penfield 39","State Assembly",135,,"Blank and void",36
"Monroe","Penfield 40","State Assembly",135,,"Blank and void",54
"Monroe","Penfield 41","State Assembly",135,,"Blank and void",52
"Monroe","Penfield 42","State Assembly",135,,"Blank and void",45
"Monroe","Perinton 1","State Assembly",135,,"Blank and void",42
"Monroe","Perinton 2","State Assembly",135,,"Blank and void",36
"Monroe","Perinton 3","State Assembly",135,,"Blank and void",24
"Monroe","Perinton 4","State Assembly",135,,"Blank and void",32
"Monroe","Perinton 5","State Assembly",135,,"Blank and void",25
"Monroe","Perinton 6","State Assembly",135,,"Blank and void",28
"Monroe","Perinton 7","State Assembly",135,,"Blank and void",31
"Monroe","Perinton 8","State Assembly",135,,"Blank and void",26
"Monroe","Perinton 9","State Assembly",135,,"Blank and void",46
"Monroe","Perinton 10","State Assembly",135,,"Blank and void",37
"Monroe","Perinton 11","State Assembly",135,,"Blank and void",28
"Monroe","Perinton 12","State Assembly",135,,"Blank and void",21
"Monroe","Perinton 13","State Assembly",135,,"Blank and void",17
"Monroe","Perinton 14","State Assembly",135,,"Blank and void",37
"Monroe","Perinton 15","State Assembly",135,,"Blank and void",58
"Monroe","Perinton 16","State Assembly",135,,"Blank and void",21
"Monroe","Perinton 17","State Assembly",135,,"Blank and void",28
"Monroe","Perinton 18","State Assembly",135,,"Blank and void",40
"Monroe","Perinton 19","State Assembly",135,,"Blank and void",27
"Monroe","Perinton 20","State Assembly",135,,"Blank and void",30
"Monroe","Perinton 21","State Assembly",135,,"Blank and void",37
"Monroe","Perinton 22","State Assembly",135,,"Blank and void",29
"Monroe","Perinton 23","State Assembly",135,,"Blank and void",56
"Monroe","Perinton 24","State Assembly",135,,"Blank and void",51
"Monroe","Perinton 25","State Assembly",135,,"Blank and void",23
"Monroe","Perinton 26","State Assembly",135,,"Blank and void",26
"Monroe","Perinton 27","State Assembly",135,,"Blank and void",22
"Monroe","Perinton 28","State Assembly",135,,"Blank and void",19
"Monroe","Perinton 29","State Assembly",135,,"Blank and void",17
"Monroe","Perinton 30","State Assembly",135,,"Blank and void",47
"Monroe","Perinton 31","State Assembly",135,,"Blank and void",52
"Monroe","Perinton 32","State Assembly",135,,"Blank and void",30
"Monroe","Perinton 33","State Assembly",135,,"Blank and void",20
"Monroe","Perinton 34","State Assembly",135,,"Blank and void",41
"Monroe","Perinton 35","State Assembly",135,,"Blank and void",22
"Monroe","Perinton 36","State Assembly",135,,"Blank and void",22
"Monroe","Perinton 37","State Assembly",135,,"Blank and void",44
"Monroe","Perinton 38","State Assembly",135,,"Blank and void",53
"Monroe","Perinton 39","State Assembly",135,,"Blank and void",37
"Monroe","Perinton 40","State Assembly",135,,"Blank and void",35
"Monroe","Perinton 41","State Assembly",135,,"Blank and void",20
"Monroe","Perinton 42","State Assembly",135,,"Blank and void",46
"Monroe","Perinton 43","State Assembly",135,,"Blank and void",54
"Monroe","Perinton 44","State Assembly",135,,"Blank and void",20
"Monroe","Perinton 45","State Assembly",135,,"Blank and void",55
"Monroe","Perinton 46","State Assembly",135,,"Blank and void",23
"Monroe","Perinton 47","State Assembly",135,,"Blank and void",48
"Monroe","Perinton 48","State Assembly",135,,"Blank and void",23
"Monroe","Perinton 49","State Assembly",135,,"Blank and void",20
"Monroe","Perinton 50","State Assembly",135,,"Blank and void",21
"Monroe","Perinton 51","State Assembly",135,,"Blank and void",29
"Monroe","Perinton 52","State Assembly",135,,"Blank and void",45
"Monroe","Perinton 53","State Assembly",135,,"Blank and void",20
"Monroe","Perinton 54","State Assembly",135,,"Blank and void",42
"Monroe","Perinton 55","State Assembly",135,,"Blank and void",25
"Monroe","Perinton 56","State Assembly",135,,"Blank and void",54
"Monroe","Webster 1","State Assembly",135,,"Blank and void",21
"Monroe","Webster 2","State Assembly",135,,"Blank and void",57
"Monroe","Webster 3","State Assembly",135,,"Blank and void",42
"Monroe","Webster 4","State Assembly",135,,"Blank and void",21
"Monroe","Webster 5","State Assembly",135,,"Blank and void",39
"Monroe","Webster 6","State Assembly",135,,"Blank and void",26
"Monroe","Webster 7","State Assembly",135,,"Blank and void",45
"Monroe","Webster 8","State Assembly",135,,"Blank and void",29
"Monroe","Webster 9","State Assembly",135,,"Blank and void",38
"Monroe","Webster 10","State Assembly",135,,"Blank and void",65
"Monroe","Webster 11","State Assembly",135,,"Blank and void",41
"Monroe","Webster 12","State Assembly",135,,"Blank and void",53
"Monroe","Webster 13","State Assembly",135,,"Blank and void",27
"Monroe","Webster 14","State Assembly",135,,"Blank and void",24
"Monroe","Webster 15","State Assembly",135,,"Blank and void",35
"Monroe","Webster 16","State Assembly",135,,"Blank and void",56
"Monroe","Webster 17","State Assembly",135,,"Blank and void",30
"Monroe","Webster 18","State Assembly",135,,"Blank and void",27
"Monroe","Webster 19","State Assembly",135,,"Blank and void",58
"Monroe","Webster 20","State Assembly",135,,"Blank and void",49
"Monroe","Webster 21","State Assembly",135,,"Blank and void",44
"Monroe","Webster 22","State Assembly",135,,"Blank and void",52
"Monroe","Webster 23","State Assembly",135,,"Blank and void",15
"Monroe","Webster 24","State Assembly",135,,"Blank and void",82
"Monroe","Webster 25","State Assembly",135,,"Blank and void",18
"Monroe","Webster 26","State Assembly",135,,"Blank and void",51
"Monroe","Webster 27","State Assembly",135,,"Blank and void",44
"Monroe","Webster 28","State Assembly",135,,"Blank and void",37
"Monroe","Webster 29","State Assembly",135,,"Blank and void",24
"Monroe","Webster 30","State Assembly",135,,"Blank and void",45
"Monroe","Webster 31","State Assembly",135,,"Blank and void",56
"Monroe","Webster 32","State Assembly",135,,"Blank and void",41
"Monroe","Webster 33","State Assembly",135,,"Blank and void",39
"Monroe","Webster 34","State Assembly",135,,"Blank and void",26
"Monroe","Webster 35","State Assembly",135,,"Blank and void",24
"Monroe","Webster 36","State Assembly",135,,"Blank and void",22
"Monroe","Webster 37","State Assembly",135,,"Blank and void",67
"Monroe","Webster 38","State Assembly",135,,"Blank and void",45
"Monroe","Webster 39","State Assembly",135,,"Blank and void",44
"Monroe","Webster 40","State Assembly",135,,"Blank and void",94
"Monroe","Webster 41","State Assembly",135,,"Blank and void",56
"Monroe","Webster 42","State Assembly",135,,"Blank and void",58
"Monroe","Webster 43","State Assembly",135,,"Blank and void",25
